name,bus0,bus1,carrier,p_nom,marginal_cost,p_nom_opt,caloric_value
Ship Coal 0 to Demand 2-1_PLTU JAWA-10 - SURALAYA #10,Source 0,2-1_PLTU JAWA-10 - SURALAYA #10,COAL,1000.0,287.0,1000.0,3979
Ship Coal 0 to Demand 2-1_PLTU JAWA-7 - BOJANEGARA #1,Source 0,2-1_PLTU JAWA-7 - BOJANEGARA #1,COAL,1000.0,434.0,1000.0,3979
Ship Coal 0 to Demand 2-1_PLTU JAWA-7 - BOJANEGARA #2,Source 0,2-1_PLTU JAWA-7 - BOJANEGARA #2,COAL,1000.0,269.0,1000.0,3979
Ship Coal 0 to Demand 2-1_PLTU LABUAN #1,Source 0,2-1_PLTU LABUAN #1,COAL,1000.0,487.0,1000.0,3979
Ship Coal 0 to Demand 2-1_PLTU LONTAR #1,Source 0,2-1_PLTU LONTAR #1,COAL,1000.0,312.0,1000.0,3979
Ship Coal 0 to Demand 2-1_PLTU LONTAR #2,Source 0,2-1_PLTU LONTAR #2,COAL,1000.0,285.0,1000.0,3979
Ship Coal 0 to Demand 2-1_PLTU SURALAYA #1,Source 0,2-1_PLTU SURALAYA #1,COAL,1000.0,399.0,1000.0,3979
Ship Coal 0 to Demand 2-1_PLTU SURALAYA #6,Source 0,2-1_PLTU SURALAYA #6,COAL,1000.0,429.0,1000.0,3979
Ship Coal 0 to Demand 2-1_PLTU SURALAYA #8,Source 0,2-1_PLTU SURALAYA #8,COAL,1000.0,259.0,1000.0,3979
Ship Coal 0 to Demand 2-2_PLTU JAWA-1 - CIREBON #2,Source 0,2-2_PLTU JAWA-1 - CIREBON #2,COAL,1000.0,139.0,1000.0,3979
Ship Coal 0 to Demand 2-2_PLTU PELABUHAN RATU #1,Source 0,2-2_PLTU PELABUHAN RATU #1,COAL,1000.0,91.0,1000.0,3979
Ship Coal 0 to Demand 2-2_PLTU PELABUHAN RATU #3,Source 0,2-2_PLTU PELABUHAN RATU #3,COAL,1000.0,247.0,1000.0,3979
Ship Coal 0 to Demand 2-3_PLTU JAWA TENGAH - BATANG #2,Source 0,2-3_PLTU JAWA TENGAH - BATANG #2,COAL,1000.0,383.0,1000.0,3979
Ship Coal 0 to Demand 2-3_PLTU JAWA-4 - TANJUNG JATI B #6,Source 0,2-3_PLTU JAWA-4 - TANJUNG JATI B #6,COAL,1000.0,455.0,1000.0,3979
Ship Coal 0 to Demand 2-3_PLTU JAWA-8 - CILACAP #4,Source 0,2-3_PLTU JAWA-8 - CILACAP #4,COAL,1000.0,293.0,1000.0,3979
Ship Coal 0 to Demand 2-3_PLTU REMBANG #2,Source 0,2-3_PLTU REMBANG #2,COAL,1000.0,302.0,1000.0,3979
Ship Coal 0 to Demand 2-3_PLTU TANJUNG JATI B #1,Source 0,2-3_PLTU TANJUNG JATI B #1,COAL,1000.0,200.0,1000.0,3979
Ship Coal 0 to Demand 2-3_PLTU TANJUNG JATI B #2,Source 0,2-3_PLTU TANJUNG JATI B #2,COAL,1000.0,280.0,1000.0,3979
Ship Coal 0 to Demand 2-3_PLTU TANJUNG JATI B #3,Source 0,2-3_PLTU TANJUNG JATI B #3,COAL,1000.0,465.0,1000.0,3979
Ship Coal 0 to Demand 2-4_PLTU PAITON #1 - PJB,Source 0,2-4_PLTU PAITON #1 - PJB,COAL,1000.0,215.0,1000.0,3979
Ship Coal 0 to Demand 2-4_PLTU PAITON #6 - JP,Source 0,2-4_PLTU PAITON #6 - JP,COAL,1000.0,229.0,1000.0,3979
Ship Coal 0 to Demand 2-4_PLTU PAITON #7 - PEC,Source 0,2-4_PLTU PAITON #7 - PEC,COAL,1000.0,216.0,1000.0,3979
Ship Coal 0 to Demand 2-5_PLTU CELUKAN BAWANG #1,Source 0,2-5_PLTU CELUKAN BAWANG #1,COAL,1000.0,244.0,1000.0,3979
Ship Coal 0 to Demand 2-5_PLTU CELUKAN BAWANG #2,Source 0,2-5_PLTU CELUKAN BAWANG #2,COAL,1000.0,165.0,1000.0,3979
Ship Coal 1 to Demand 2-1_PLTU JAWA-10 - SURALAYA #10,Source 1,2-1_PLTU JAWA-10 - SURALAYA #10,COAL,1000.0,65.0,1000.0,5695
Ship Coal 1 to Demand 2-1_PLTU JAWA-7 - BOJANEGARA #1,Source 1,2-1_PLTU JAWA-7 - BOJANEGARA #1,COAL,1000.0,495.0,1000.0,5695
Ship Coal 1 to Demand 2-1_PLTU LABUAN #2,Source 1,2-1_PLTU LABUAN #2,COAL,1000.0,481.0,1000.0,5695
Ship Coal 1 to Demand 2-1_PLTU LONTAR #2,Source 1,2-1_PLTU LONTAR #2,COAL,1000.0,394.0,1000.0,5695
Ship Coal 1 to Demand 2-1_PLTU LONTAR #3,Source 1,2-1_PLTU LONTAR #3,COAL,1000.0,263.0,1000.0,5695
Ship Coal 1 to Demand 2-1_PLTU SURALAYA #3,Source 1,2-1_PLTU SURALAYA #3,COAL,1000.0,353.0,1000.0,5695
Ship Coal 1 to Demand 2-1_PLTU SURALAYA #4,Source 1,2-1_PLTU SURALAYA #4,COAL,1000.0,112.0,1000.0,5695
Ship Coal 1 to Demand 2-1_PLTU SURALAYA #6,Source 1,2-1_PLTU SURALAYA #6,COAL,1000.0,473.0,1000.0,5695
Ship Coal 1 to Demand 2-2_PLTU INDRAMAYU #1,Source 1,2-2_PLTU INDRAMAYU #1,COAL,1000.0,418.0,1000.0,5695
Ship Coal 1 to Demand 2-2_PLTU INDRAMAYU #2,Source 1,2-2_PLTU INDRAMAYU #2,COAL,1000.0,204.0,1000.0,5695
Ship Coal 1 to Demand 2-2_PLTU INDRAMAYU #3,Source 1,2-2_PLTU INDRAMAYU #3,COAL,1000.0,370.0,1000.0,5695
Ship Coal 1 to Demand 2-2_PLTU JAWA-1 - CIREBON #2,Source 1,2-2_PLTU JAWA-1 - CIREBON #2,COAL,1000.0,207.0,1000.0,5695
Ship Coal 1 to Demand 2-3_PLTU ADIPALA,Source 1,2-3_PLTU ADIPALA,COAL,1000.0,359.0,1000.0,5695
Ship Coal 1 to Demand 2-3_PLTU CILACAP #1,Source 1,2-3_PLTU CILACAP #1,COAL,1000.0,344.0,1000.0,5695
Ship Coal 1 to Demand 2-3_PLTU CILACAP #2,Source 1,2-3_PLTU CILACAP #2,COAL,1000.0,431.0,1000.0,5695
Ship Coal 1 to Demand 2-3_PLTU CILACAP #3,Source 1,2-3_PLTU CILACAP #3,COAL,1000.0,350.0,1000.0,5695
Ship Coal 1 to Demand 2-3_PLTU JAWA TENGAH - BATANG #1,Source 1,2-3_PLTU JAWA TENGAH - BATANG #1,COAL,1000.0,153.0,1000.0,5695
Ship Coal 1 to Demand 2-3_PLTU JAWA-8 - CILACAP #4,Source 1,2-3_PLTU JAWA-8 - CILACAP #4,COAL,1000.0,149.0,1000.0,5695
Ship Coal 1 to Demand 2-3_PLTU REMBANG #1,Source 1,2-3_PLTU REMBANG #1,COAL,1000.0,457.0,1000.0,5695
Ship Coal 1 to Demand 2-3_PLTU TANJUNG JATI B #1,Source 1,2-3_PLTU TANJUNG JATI B #1,COAL,1000.0,344.0,1000.0,5695
Ship Coal 1 to Demand 2-3_PLTU TANJUNG JATI B #2,Source 1,2-3_PLTU TANJUNG JATI B #2,COAL,1000.0,373.0,1000.0,5695
Ship Coal 1 to Demand 2-4_PLTU PACITAN #1,Source 1,2-4_PLTU PACITAN #1,COAL,1000.0,120.0,1000.0,5695
Ship Coal 1 to Demand 2-4_PLTU PACITAN #2,Source 1,2-4_PLTU PACITAN #2,COAL,1000.0,202.0,1000.0,5695
Ship Coal 1 to Demand 2-4_PLTU PAITON #1 - PJB,Source 1,2-4_PLTU PAITON #1 - PJB,COAL,1000.0,341.0,1000.0,5695
Ship Coal 1 to Demand 2-4_PLTU PAITON #2 - PJB,Source 1,2-4_PLTU PAITON #2 - PJB,COAL,1000.0,445.0,1000.0,5695
Ship Coal 1 to Demand 2-4_PLTU PAITON #5 - JP,Source 1,2-4_PLTU PAITON #5 - JP,COAL,1000.0,144.0,1000.0,5695
Ship Coal 1 to Demand 2-4_PLTU PAITON #6 - JP,Source 1,2-4_PLTU PAITON #6 - JP,COAL,1000.0,480.0,1000.0,5695
Ship Coal 1 to Demand 2-4_PLTU PAITON #7 - PEC,Source 1,2-4_PLTU PAITON #7 - PEC,COAL,1000.0,249.0,1000.0,5695
Ship Coal 1 to Demand 2-4_PLTU TANJUNG AWAR #2,Source 1,2-4_PLTU TANJUNG AWAR #2,COAL,1000.0,472.0,1000.0,5695
Ship Coal 1 to Demand 2-5_PLTU CELUKAN BAWANG #1,Source 1,2-5_PLTU CELUKAN BAWANG #1,COAL,1000.0,333.0,1000.0,5695
Ship Coal 1 to Demand 2-5_PLTU CELUKAN BAWANG #2,Source 1,2-5_PLTU CELUKAN BAWANG #2,COAL,1000.0,84.0,1000.0,5695
Ship Coal 1 to Demand 2-5_PLTU CELUKAN BAWANG #3,Source 1,2-5_PLTU CELUKAN BAWANG #3,COAL,1000.0,366.0,1000.0,5695
Ship Coal 2 to Demand 2-1_PLTU JAWA-10 - SURALAYA #10,Source 2,2-1_PLTU JAWA-10 - SURALAYA #10,COAL,1000.0,210.0,1000.0,3120
Ship Coal 2 to Demand 2-1_PLTU JAWA-7 - BOJANEGARA #1,Source 2,2-1_PLTU JAWA-7 - BOJANEGARA #1,COAL,1000.0,201.0,1000.0,3120
Ship Coal 2 to Demand 2-1_PLTU JAWA-7 - BOJANEGARA #2,Source 2,2-1_PLTU JAWA-7 - BOJANEGARA #2,COAL,1000.0,310.0,1000.0,3120
Ship Coal 2 to Demand 2-1_PLTU LABUAN #2,Source 2,2-1_PLTU LABUAN #2,COAL,1000.0,343.0,1000.0,3120
Ship Coal 2 to Demand 2-1_PLTU LONTAR #2,Source 2,2-1_PLTU LONTAR #2,COAL,1000.0,278.0,1000.0,3120
Ship Coal 2 to Demand 2-1_PLTU LONTAR #3,Source 2,2-1_PLTU LONTAR #3,COAL,1000.0,197.0,1000.0,3120
Ship Coal 2 to Demand 2-1_PLTU SURALAYA #1,Source 2,2-1_PLTU SURALAYA #1,COAL,1000.0,431.0,1000.0,3120
Ship Coal 2 to Demand 2-1_PLTU SURALAYA #2,Source 2,2-1_PLTU SURALAYA #2,COAL,1000.0,493.0,1000.0,3120
Ship Coal 2 to Demand 2-1_PLTU SURALAYA #5,Source 2,2-1_PLTU SURALAYA #5,COAL,1000.0,167.0,1000.0,3120
Ship Coal 2 to Demand 2-1_PLTU SURALAYA #8,Source 2,2-1_PLTU SURALAYA #8,COAL,1000.0,217.0,1000.0,3120
Ship Coal 2 to Demand 2-2_PLTU INDRAMAYU #1,Source 2,2-2_PLTU INDRAMAYU #1,COAL,1000.0,240.0,1000.0,3120
Ship Coal 2 to Demand 2-2_PLTU PELABUHAN RATU #1,Source 2,2-2_PLTU PELABUHAN RATU #1,COAL,1000.0,283.0,1000.0,3120
Ship Coal 2 to Demand 2-3_PLTU ADIPALA,Source 2,2-3_PLTU ADIPALA,COAL,1000.0,79.0,1000.0,3120
Ship Coal 2 to Demand 2-3_PLTU CILACAP #1,Source 2,2-3_PLTU CILACAP #1,COAL,1000.0,331.0,1000.0,3120
Ship Coal 2 to Demand 2-3_PLTU CILACAP #3,Source 2,2-3_PLTU CILACAP #3,COAL,1000.0,244.0,1000.0,3120
Ship Coal 2 to Demand 2-3_PLTU JAWA TENGAH - BATANG #1,Source 2,2-3_PLTU JAWA TENGAH - BATANG #1,COAL,1000.0,479.0,1000.0,3120
Ship Coal 2 to Demand 2-3_PLTU JAWA TENGAH - BATANG #2,Source 2,2-3_PLTU JAWA TENGAH - BATANG #2,COAL,1000.0,318.0,1000.0,3120
Ship Coal 2 to Demand 2-3_PLTU JAWA-4 - TANJUNG JATI B #6,Source 2,2-3_PLTU JAWA-4 - TANJUNG JATI B #6,COAL,1000.0,76.0,1000.0,3120
Ship Coal 2 to Demand 2-3_PLTU JAWA-8 - CILACAP #4,Source 2,2-3_PLTU JAWA-8 - CILACAP #4,COAL,1000.0,374.0,1000.0,3120
Ship Coal 2 to Demand 2-3_PLTU REMBANG #1,Source 2,2-3_PLTU REMBANG #1,COAL,1000.0,327.0,1000.0,3120
Ship Coal 2 to Demand 2-3_PLTU TANJUNG JATI B #1,Source 2,2-3_PLTU TANJUNG JATI B #1,COAL,1000.0,200.0,1000.0,3120
Ship Coal 2 to Demand 2-3_PLTU TANJUNG JATI B #2,Source 2,2-3_PLTU TANJUNG JATI B #2,COAL,1000.0,412.0,1000.0,3120
Ship Coal 2 to Demand 2-3_PLTU TANJUNG JATI B #3,Source 2,2-3_PLTU TANJUNG JATI B #3,COAL,1000.0,322.0,1000.0,3120
Ship Coal 2 to Demand 2-4_PLTU PACITAN #1,Source 2,2-4_PLTU PACITAN #1,COAL,1000.0,283.0,1000.0,3120
Ship Coal 2 to Demand 2-4_PLTU PAITON #5 - JP,Source 2,2-4_PLTU PAITON #5 - JP,COAL,1000.0,97.0,1000.0,3120
Ship Coal 2 to Demand 2-4_PLTU PAITON #6 - JP,Source 2,2-4_PLTU PAITON #6 - JP,COAL,1000.0,382.0,1000.0,3120
Ship Coal 2 to Demand 2-4_PLTU PAITON #8 - PEC,Source 2,2-4_PLTU PAITON #8 - PEC,COAL,1000.0,348.0,1000.0,3120
Ship Coal 2 to Demand 2-4_PLTU TANJUNG AWAR #2,Source 2,2-4_PLTU TANJUNG AWAR #2,COAL,1000.0,373.0,1000.0,3120
Ship Coal 2 to Demand 2-5_PLTU CELUKAN BAWANG #2,Source 2,2-5_PLTU CELUKAN BAWANG #2,COAL,1000.0,276.0,1000.0,3120
Ship Coal 2 to Demand 2-5_PLTU CELUKAN BAWANG #3,Source 2,2-5_PLTU CELUKAN BAWANG #3,COAL,1000.0,238.0,1000.0,3120
Ship Coal 3 to Demand 2-1_PLTU LONTAR #4,Source 3,2-1_PLTU LONTAR #4,COAL,1000.0,183.0,1000.0,5696
Ship Coal 3 to Demand 2-1_PLTU SURALAYA #1,Source 3,2-1_PLTU SURALAYA #1,COAL,1000.0,156.0,1000.0,5696
Ship Coal 3 to Demand 2-1_PLTU SURALAYA #4,Source 3,2-1_PLTU SURALAYA #4,COAL,1000.0,148.0,1000.0,5696
Ship Coal 3 to Demand 2-2_PLTU INDRAMAYU #2,Source 3,2-2_PLTU INDRAMAYU #2,COAL,1000.0,226.0,1000.0,5696
Ship Coal 3 to Demand 2-2_PLTU INDRAMAYU #3,Source 3,2-2_PLTU INDRAMAYU #3,COAL,1000.0,261.0,1000.0,5696
Ship Coal 3 to Demand 2-2_PLTU PELABUHAN RATU #1,Source 3,2-2_PLTU PELABUHAN RATU #1,COAL,1000.0,210.0,1000.0,5696
Ship Coal 3 to Demand 2-2_PLTU PELABUHAN RATU #2,Source 3,2-2_PLTU PELABUHAN RATU #2,COAL,1000.0,204.0,1000.0,5696
Ship Coal 3 to Demand 2-2_PLTU PELABUHAN RATU #3,Source 3,2-2_PLTU PELABUHAN RATU #3,COAL,1000.0,405.0,1000.0,5696
Ship Coal 3 to Demand 2-3_PLTU ADIPALA,Source 3,2-3_PLTU ADIPALA,COAL,1000.0,310.0,1000.0,5696
Ship Coal 3 to Demand 2-3_PLTU CILACAP #2,Source 3,2-3_PLTU CILACAP #2,COAL,1000.0,468.0,1000.0,5696
Ship Coal 3 to Demand 2-3_PLTU JAWA TENGAH - BATANG #2,Source 3,2-3_PLTU JAWA TENGAH - BATANG #2,COAL,1000.0,147.0,1000.0,5696
Ship Coal 3 to Demand 2-3_PLTU JAWA-8 - CILACAP #4,Source 3,2-3_PLTU JAWA-8 - CILACAP #4,COAL,1000.0,459.0,1000.0,5696
Ship Coal 3 to Demand 2-3_PLTU TANJUNG JATI B #1,Source 3,2-3_PLTU TANJUNG JATI B #1,COAL,1000.0,377.0,1000.0,5696
Ship Coal 3 to Demand 2-3_PLTU TANJUNG JATI B #2,Source 3,2-3_PLTU TANJUNG JATI B #2,COAL,1000.0,193.0,1000.0,5696
Ship Coal 3 to Demand 2-3_PLTU TANJUNG JATI B #4,Source 3,2-3_PLTU TANJUNG JATI B #4,COAL,1000.0,61.0,1000.0,5696
Ship Coal 3 to Demand 2-4_PLTU PACITAN #1,Source 3,2-4_PLTU PACITAN #1,COAL,1000.0,250.0,1000.0,5696
Ship Coal 3 to Demand 2-4_PLTU PAITON #3 - PEC,Source 3,2-4_PLTU PAITON #3 - PEC,COAL,1000.0,61.0,1000.0,5696
Ship Coal 3 to Demand 2-4_PLTU PAITON #5 - JP,Source 3,2-4_PLTU PAITON #5 - JP,COAL,1000.0,147.0,1000.0,5696
Ship Coal 3 to Demand 2-4_PLTU PAITON #7 - PEC,Source 3,2-4_PLTU PAITON #7 - PEC,COAL,1000.0,251.0,1000.0,5696
Ship Coal 3 to Demand 2-4_PLTU PAITON #8 - PEC,Source 3,2-4_PLTU PAITON #8 - PEC,COAL,1000.0,298.0,1000.0,5696
Ship Coal 3 to Demand 2-4_PLTU PAITON #9,Source 3,2-4_PLTU PAITON #9,COAL,1000.0,212.0,1000.0,5696
Ship Coal 3 to Demand 2-4_PLTU TANJUNG AWAR #1,Source 3,2-4_PLTU TANJUNG AWAR #1,COAL,1000.0,394.0,1000.0,5696
Ship Coal 3 to Demand 2-5_PLTU CELUKAN BAWANG #1,Source 3,2-5_PLTU CELUKAN BAWANG #1,COAL,1000.0,313.0,1000.0,5696
Ship Coal 3 to Demand 2-5_PLTU CELUKAN BAWANG #3,Source 3,2-5_PLTU CELUKAN BAWANG #3,COAL,1000.0,464.0,1000.0,5696
Ship Coal 4 to Demand 2-1_PLTU BANTEN #1,Source 4,2-1_PLTU BANTEN #1,COAL,1000.0,376.0,1000.0,3712
Ship Coal 4 to Demand 2-1_PLTU JAWA-10 - SURALAYA #10,Source 4,2-1_PLTU JAWA-10 - SURALAYA #10,COAL,1000.0,460.0,1000.0,3712
Ship Coal 4 to Demand 2-1_PLTU JAWA-7 - BOJANEGARA #2,Source 4,2-1_PLTU JAWA-7 - BOJANEGARA #2,COAL,1000.0,88.0,1000.0,3712
Ship Coal 4 to Demand 2-1_PLTU JAWA-9 - SURALAYA #9,Source 4,2-1_PLTU JAWA-9 - SURALAYA #9,COAL,1000.0,175.0,1000.0,3712
Ship Coal 4 to Demand 2-1_PLTU LABUAN #1,Source 4,2-1_PLTU LABUAN #1,COAL,1000.0,322.0,1000.0,3712
Ship Coal 4 to Demand 2-1_PLTU LABUAN #2,Source 4,2-1_PLTU LABUAN #2,COAL,1000.0,300.0,1000.0,3712
Ship Coal 4 to Demand 2-1_PLTU LONTAR #2,Source 4,2-1_PLTU LONTAR #2,COAL,1000.0,405.0,1000.0,3712
Ship Coal 4 to Demand 2-1_PLTU LONTAR #3,Source 4,2-1_PLTU LONTAR #3,COAL,1000.0,215.0,1000.0,3712
Ship Coal 4 to Demand 2-1_PLTU LONTAR #4,Source 4,2-1_PLTU LONTAR #4,COAL,1000.0,344.0,1000.0,3712
Ship Coal 4 to Demand 2-1_PLTU SURALAYA #7,Source 4,2-1_PLTU SURALAYA #7,COAL,1000.0,182.0,1000.0,3712
Ship Coal 4 to Demand 2-2_PLTU INDRAMAYU #2,Source 4,2-2_PLTU INDRAMAYU #2,COAL,1000.0,324.0,1000.0,3712
Ship Coal 4 to Demand 2-2_PLTU INDRAMAYU #3,Source 4,2-2_PLTU INDRAMAYU #3,COAL,1000.0,446.0,1000.0,3712
Ship Coal 4 to Demand 2-2_PLTU PELABUHAN RATU #1,Source 4,2-2_PLTU PELABUHAN RATU #1,COAL,1000.0,451.0,1000.0,3712
Ship Coal 4 to Demand 2-2_PLTU PELABUHAN RATU #2,Source 4,2-2_PLTU PELABUHAN RATU #2,COAL,1000.0,177.0,1000.0,3712
Ship Coal 4 to Demand 2-2_PLTU PELABUHAN RATU #3,Source 4,2-2_PLTU PELABUHAN RATU #3,COAL,1000.0,466.0,1000.0,3712
Ship Coal 4 to Demand 2-3_PLTU CILACAP #2,Source 4,2-3_PLTU CILACAP #2,COAL,1000.0,181.0,1000.0,3712
Ship Coal 4 to Demand 2-3_PLTU CILACAP #3,Source 4,2-3_PLTU CILACAP #3,COAL,1000.0,53.0,1000.0,3712
Ship Coal 4 to Demand 2-3_PLTU JAWA-4 - TANJUNG JATI B #5,Source 4,2-3_PLTU JAWA-4 - TANJUNG JATI B #5,COAL,1000.0,224.0,1000.0,3712
Ship Coal 4 to Demand 2-3_PLTU JAWA-4 - TANJUNG JATI B #6,Source 4,2-3_PLTU JAWA-4 - TANJUNG JATI B #6,COAL,1000.0,398.0,1000.0,3712
Ship Coal 4 to Demand 2-3_PLTU REMBANG #1,Source 4,2-3_PLTU REMBANG #1,COAL,1000.0,478.0,1000.0,3712
Ship Coal 4 to Demand 2-3_PLTU TANJUNG JATI B #1,Source 4,2-3_PLTU TANJUNG JATI B #1,COAL,1000.0,239.0,1000.0,3712
Ship Coal 4 to Demand 2-3_PLTU TANJUNG JATI B #3,Source 4,2-3_PLTU TANJUNG JATI B #3,COAL,1000.0,445.0,1000.0,3712
Ship Coal 4 to Demand 2-3_PLTU TANJUNG JATI B #4,Source 4,2-3_PLTU TANJUNG JATI B #4,COAL,1000.0,436.0,1000.0,3712
Ship Coal 4 to Demand 2-4_PLTU PAITON #1 - PJB,Source 4,2-4_PLTU PAITON #1 - PJB,COAL,1000.0,159.0,1000.0,3712
Ship Coal 4 to Demand 2-4_PLTU PAITON #2 - PJB,Source 4,2-4_PLTU PAITON #2 - PJB,COAL,1000.0,168.0,1000.0,3712
Ship Coal 4 to Demand 2-4_PLTU PAITON #7 - PEC,Source 4,2-4_PLTU PAITON #7 - PEC,COAL,1000.0,106.0,1000.0,3712
Ship Coal 4 to Demand 2-4_PLTU PAITON #8 - PEC,Source 4,2-4_PLTU PAITON #8 - PEC,COAL,1000.0,314.0,1000.0,3712
Ship Coal 4 to Demand 2-4_PLTU PAITON #9,Source 4,2-4_PLTU PAITON #9,COAL,1000.0,422.0,1000.0,3712
Ship Coal 4 to Demand 2-4_PLTU TANJUNG AWAR #1,Source 4,2-4_PLTU TANJUNG AWAR #1,COAL,1000.0,404.0,1000.0,3712
Ship Coal 4 to Demand 2-4_PLTU TANJUNG AWAR #2,Source 4,2-4_PLTU TANJUNG AWAR #2,COAL,1000.0,451.0,1000.0,3712
Ship Coal 4 to Demand 2-5_PLTU CELUKAN BAWANG #3,Source 4,2-5_PLTU CELUKAN BAWANG #3,COAL,1000.0,234.0,1000.0,3712
Ship Coal 5 to Demand 2-1_PLTU BANTEN #1,Source 5,2-1_PLTU BANTEN #1,COAL,1000.0,94.0,1000.0,4995
Ship Coal 5 to Demand 2-1_PLTU JAWA-7 - BOJANEGARA #2,Source 5,2-1_PLTU JAWA-7 - BOJANEGARA #2,COAL,1000.0,88.0,1000.0,4995
Ship Coal 5 to Demand 2-1_PLTU JAWA-9 - SURALAYA #9,Source 5,2-1_PLTU JAWA-9 - SURALAYA #9,COAL,1000.0,286.0,1000.0,4995
Ship Coal 5 to Demand 2-1_PLTU SURALAYA #1,Source 5,2-1_PLTU SURALAYA #1,COAL,1000.0,154.0,1000.0,4995
Ship Coal 5 to Demand 2-1_PLTU SURALAYA #3,Source 5,2-1_PLTU SURALAYA #3,COAL,1000.0,244.0,1000.0,4995
Ship Coal 5 to Demand 2-1_PLTU SURALAYA #6,Source 5,2-1_PLTU SURALAYA #6,COAL,1000.0,203.0,1000.0,4995
Ship Coal 5 to Demand 2-1_PLTU SURALAYA #8,Source 5,2-1_PLTU SURALAYA #8,COAL,1000.0,372.0,1000.0,4995
Ship Coal 5 to Demand 2-2_PLTU INDRAMAYU #3,Source 5,2-2_PLTU INDRAMAYU #3,COAL,1000.0,156.0,1000.0,4995
Ship Coal 5 to Demand 2-2_PLTU PELABUHAN RATU #2,Source 5,2-2_PLTU PELABUHAN RATU #2,COAL,1000.0,438.0,1000.0,4995
Ship Coal 5 to Demand 2-2_PLTU PELABUHAN RATU #3,Source 5,2-2_PLTU PELABUHAN RATU #3,COAL,1000.0,323.0,1000.0,4995
Ship Coal 5 to Demand 2-3_PLTU ADIPALA,Source 5,2-3_PLTU ADIPALA,COAL,1000.0,485.0,1000.0,4995
Ship Coal 5 to Demand 2-3_PLTU CILACAP #3,Source 5,2-3_PLTU CILACAP #3,COAL,1000.0,264.0,1000.0,4995
Ship Coal 5 to Demand 2-3_PLTU JAWA-4 - TANJUNG JATI B #5,Source 5,2-3_PLTU JAWA-4 - TANJUNG JATI B #5,COAL,1000.0,190.0,1000.0,4995
Ship Coal 5 to Demand 2-3_PLTU JAWA-4 - TANJUNG JATI B #6,Source 5,2-3_PLTU JAWA-4 - TANJUNG JATI B #6,COAL,1000.0,303.0,1000.0,4995
Ship Coal 5 to Demand 2-3_PLTU TANJUNG JATI B #2,Source 5,2-3_PLTU TANJUNG JATI B #2,COAL,1000.0,418.0,1000.0,4995
Ship Coal 5 to Demand 2-3_PLTU TANJUNG JATI B #4,Source 5,2-3_PLTU TANJUNG JATI B #4,COAL,1000.0,180.0,1000.0,4995
Ship Coal 5 to Demand 2-4_PLTU PACITAN #2,Source 5,2-4_PLTU PACITAN #2,COAL,1000.0,291.0,1000.0,4995
Ship Coal 5 to Demand 2-4_PLTU PAITON #1 - PJB,Source 5,2-4_PLTU PAITON #1 - PJB,COAL,1000.0,338.0,1000.0,4995
Ship Coal 5 to Demand 2-4_PLTU PAITON #2 - PJB,Source 5,2-4_PLTU PAITON #2 - PJB,COAL,1000.0,362.0,1000.0,4995
Ship Coal 5 to Demand 2-4_PLTU PAITON #8 - PEC,Source 5,2-4_PLTU PAITON #8 - PEC,COAL,1000.0,256.0,1000.0,4995
Ship Coal 5 to Demand 2-4_PLTU PAITON #9,Source 5,2-4_PLTU PAITON #9,COAL,1000.0,212.0,1000.0,4995
Ship Coal 5 to Demand 2-4_PLTU TANJUNG AWAR #2,Source 5,2-4_PLTU TANJUNG AWAR #2,COAL,1000.0,276.0,1000.0,4995
Ship Coal 5 to Demand 2-5_PLTU CELUKAN BAWANG #2,Source 5,2-5_PLTU CELUKAN BAWANG #2,COAL,1000.0,197.0,1000.0,4995
Ship Coal 5 to Demand 2-5_PLTU CELUKAN BAWANG #3,Source 5,2-5_PLTU CELUKAN BAWANG #3,COAL,1000.0,398.0,1000.0,4995
Ship Coal 6 to Demand 2-1_PLTU BANTEN #1,Source 6,2-1_PLTU BANTEN #1,COAL,1000.0,353.0,1000.0,3276
Ship Coal 6 to Demand 2-1_PLTU JAWA-10 - SURALAYA #10,Source 6,2-1_PLTU JAWA-10 - SURALAYA #10,COAL,1000.0,239.0,1000.0,3276
Ship Coal 6 to Demand 2-1_PLTU JAWA-7 - BOJANEGARA #2,Source 6,2-1_PLTU JAWA-7 - BOJANEGARA #2,COAL,1000.0,463.0,1000.0,3276
Ship Coal 6 to Demand 2-1_PLTU LABUAN #1,Source 6,2-1_PLTU LABUAN #1,COAL,1000.0,428.0,1000.0,3276
Ship Coal 6 to Demand 2-1_PLTU LABUAN #2,Source 6,2-1_PLTU LABUAN #2,COAL,1000.0,262.0,1000.0,3276
Ship Coal 6 to Demand 2-1_PLTU LONTAR #4,Source 6,2-1_PLTU LONTAR #4,COAL,1000.0,156.0,1000.0,3276
Ship Coal 6 to Demand 2-1_PLTU SURALAYA #1,Source 6,2-1_PLTU SURALAYA #1,COAL,1000.0,267.0,1000.0,3276
Ship Coal 6 to Demand 2-1_PLTU SURALAYA #2,Source 6,2-1_PLTU SURALAYA #2,COAL,1000.0,227.0,1000.0,3276
Ship Coal 6 to Demand 2-1_PLTU SURALAYA #3,Source 6,2-1_PLTU SURALAYA #3,COAL,1000.0,339.0,1000.0,3276
Ship Coal 6 to Demand 2-1_PLTU SURALAYA #5,Source 6,2-1_PLTU SURALAYA #5,COAL,1000.0,136.0,1000.0,3276
Ship Coal 6 to Demand 2-1_PLTU SURALAYA #7,Source 6,2-1_PLTU SURALAYA #7,COAL,1000.0,202.0,1000.0,3276
Ship Coal 6 to Demand 2-2_PLTU INDRAMAYU #1,Source 6,2-2_PLTU INDRAMAYU #1,COAL,1000.0,164.0,1000.0,3276
Ship Coal 6 to Demand 2-2_PLTU INDRAMAYU #2,Source 6,2-2_PLTU INDRAMAYU #2,COAL,1000.0,477.0,1000.0,3276
Ship Coal 6 to Demand 2-2_PLTU JAWA-1 - CIREBON #2,Source 6,2-2_PLTU JAWA-1 - CIREBON #2,COAL,1000.0,144.0,1000.0,3276
Ship Coal 6 to Demand 2-2_PLTU PELABUHAN RATU #1,Source 6,2-2_PLTU PELABUHAN RATU #1,COAL,1000.0,277.0,1000.0,3276
Ship Coal 6 to Demand 2-3_PLTU ADIPALA,Source 6,2-3_PLTU ADIPALA,COAL,1000.0,367.0,1000.0,3276
Ship Coal 6 to Demand 2-3_PLTU CILACAP #2,Source 6,2-3_PLTU CILACAP #2,COAL,1000.0,423.0,1000.0,3276
Ship Coal 6 to Demand 2-3_PLTU JAWA TENGAH - BATANG #2,Source 6,2-3_PLTU JAWA TENGAH - BATANG #2,COAL,1000.0,387.0,1000.0,3276
Ship Coal 6 to Demand 2-3_PLTU JAWA-8 - CILACAP #4,Source 6,2-3_PLTU JAWA-8 - CILACAP #4,COAL,1000.0,462.0,1000.0,3276
Ship Coal 6 to Demand 2-3_PLTU TANJUNG JATI B #1,Source 6,2-3_PLTU TANJUNG JATI B #1,COAL,1000.0,63.0,1000.0,3276
Ship Coal 6 to Demand 2-3_PLTU TANJUNG JATI B #3,Source 6,2-3_PLTU TANJUNG JATI B #3,COAL,1000.0,86.0,1000.0,3276
Ship Coal 6 to Demand 2-4_PLTU PACITAN #1,Source 6,2-4_PLTU PACITAN #1,COAL,1000.0,334.0,1000.0,3276
Ship Coal 6 to Demand 2-4_PLTU PAITON #1 - PJB,Source 6,2-4_PLTU PAITON #1 - PJB,COAL,1000.0,203.0,1000.0,3276
Ship Coal 6 to Demand 2-4_PLTU PAITON #3 - PEC,Source 6,2-4_PLTU PAITON #3 - PEC,COAL,1000.0,131.0,1000.0,3276
Ship Coal 6 to Demand 2-4_PLTU PAITON #6 - JP,Source 6,2-4_PLTU PAITON #6 - JP,COAL,1000.0,328.0,1000.0,3276
Ship Coal 6 to Demand 2-4_PLTU PAITON #8 - PEC,Source 6,2-4_PLTU PAITON #8 - PEC,COAL,1000.0,284.0,1000.0,3276
Ship Coal 6 to Demand 2-4_PLTU PAITON #9,Source 6,2-4_PLTU PAITON #9,COAL,1000.0,53.0,1000.0,3276
Ship Coal 6 to Demand 2-4_PLTU TANJUNG AWAR #2,Source 6,2-4_PLTU TANJUNG AWAR #2,COAL,1000.0,159.0,1000.0,3276
Ship Coal 6 to Demand 2-5_PLTU CELUKAN BAWANG #3,Source 6,2-5_PLTU CELUKAN BAWANG #3,COAL,1000.0,341.0,1000.0,3276
Ship Coal 7 to Demand 2-1_PLTU BANTEN #1,Source 7,2-1_PLTU BANTEN #1,COAL,1000.0,302.0,1000.0,3193
Ship Coal 7 to Demand 2-1_PLTU JAWA-10 - SURALAYA #10,Source 7,2-1_PLTU JAWA-10 - SURALAYA #10,COAL,1000.0,360.0,1000.0,3193
Ship Coal 7 to Demand 2-1_PLTU JAWA-7 - BOJANEGARA #1,Source 7,2-1_PLTU JAWA-7 - BOJANEGARA #1,COAL,1000.0,412.0,1000.0,3193
Ship Coal 7 to Demand 2-1_PLTU JAWA-7 - BOJANEGARA #2,Source 7,2-1_PLTU JAWA-7 - BOJANEGARA #2,COAL,1000.0,95.0,1000.0,3193
Ship Coal 7 to Demand 2-1_PLTU LABUAN #1,Source 7,2-1_PLTU LABUAN #1,COAL,1000.0,280.0,1000.0,3193
Ship Coal 7 to Demand 2-1_PLTU LABUAN #2,Source 7,2-1_PLTU LABUAN #2,COAL,1000.0,236.0,1000.0,3193
Ship Coal 7 to Demand 2-1_PLTU LONTAR #1,Source 7,2-1_PLTU LONTAR #1,COAL,1000.0,344.0,1000.0,3193
Ship Coal 7 to Demand 2-1_PLTU LONTAR #3,Source 7,2-1_PLTU LONTAR #3,COAL,1000.0,493.0,1000.0,3193
Ship Coal 7 to Demand 2-1_PLTU SURALAYA #1,Source 7,2-1_PLTU SURALAYA #1,COAL,1000.0,53.0,1000.0,3193
Ship Coal 7 to Demand 2-1_PLTU SURALAYA #2,Source 7,2-1_PLTU SURALAYA #2,COAL,1000.0,267.0,1000.0,3193
Ship Coal 7 to Demand 2-1_PLTU SURALAYA #5,Source 7,2-1_PLTU SURALAYA #5,COAL,1000.0,263.0,1000.0,3193
Ship Coal 7 to Demand 2-1_PLTU SURALAYA #6,Source 7,2-1_PLTU SURALAYA #6,COAL,1000.0,408.0,1000.0,3193
Ship Coal 7 to Demand 2-1_PLTU SURALAYA #8,Source 7,2-1_PLTU SURALAYA #8,COAL,1000.0,257.0,1000.0,3193
Ship Coal 7 to Demand 2-2_PLTU CIREBON #1,Source 7,2-2_PLTU CIREBON #1,COAL,1000.0,456.0,1000.0,3193
Ship Coal 7 to Demand 2-2_PLTU INDRAMAYU #1,Source 7,2-2_PLTU INDRAMAYU #1,COAL,1000.0,110.0,1000.0,3193
Ship Coal 7 to Demand 2-2_PLTU INDRAMAYU #3,Source 7,2-2_PLTU INDRAMAYU #3,COAL,1000.0,346.0,1000.0,3193
Ship Coal 7 to Demand 2-3_PLTU ADIPALA,Source 7,2-3_PLTU ADIPALA,COAL,1000.0,152.0,1000.0,3193
Ship Coal 7 to Demand 2-3_PLTU REMBANG #1,Source 7,2-3_PLTU REMBANG #1,COAL,1000.0,255.0,1000.0,3193
Ship Coal 7 to Demand 2-3_PLTU TANJUNG JATI B #1,Source 7,2-3_PLTU TANJUNG JATI B #1,COAL,1000.0,159.0,1000.0,3193
Ship Coal 7 to Demand 2-4_PLTU PACITAN #1,Source 7,2-4_PLTU PACITAN #1,COAL,1000.0,280.0,1000.0,3193
Ship Coal 7 to Demand 2-4_PLTU PAITON #2 - PJB,Source 7,2-4_PLTU PAITON #2 - PJB,COAL,1000.0,196.0,1000.0,3193
Ship Coal 7 to Demand 2-4_PLTU PAITON #3 - PEC,Source 7,2-4_PLTU PAITON #3 - PEC,COAL,1000.0,487.0,1000.0,3193
Ship Coal 7 to Demand 2-4_PLTU PAITON #5 - JP,Source 7,2-4_PLTU PAITON #5 - JP,COAL,1000.0,279.0,1000.0,3193
Ship Coal 7 to Demand 2-4_PLTU PAITON #6 - JP,Source 7,2-4_PLTU PAITON #6 - JP,COAL,1000.0,489.0,1000.0,3193
Ship Coal 7 to Demand 2-4_PLTU PAITON #7 - PEC,Source 7,2-4_PLTU PAITON #7 - PEC,COAL,1000.0,206.0,1000.0,3193
Ship Coal 7 to Demand 2-4_PLTU PAITON #9,Source 7,2-4_PLTU PAITON #9,COAL,1000.0,277.0,1000.0,3193
Ship Coal 7 to Demand 2-5_PLTU CELUKAN BAWANG #1,Source 7,2-5_PLTU CELUKAN BAWANG #1,COAL,1000.0,282.0,1000.0,3193
Ship Coal 8 to Demand 2-1_PLTU JAWA-7 - BOJANEGARA #1,Source 8,2-1_PLTU JAWA-7 - BOJANEGARA #1,COAL,1000.0,154.0,1000.0,5444
Ship Coal 8 to Demand 2-1_PLTU JAWA-7 - BOJANEGARA #2,Source 8,2-1_PLTU JAWA-7 - BOJANEGARA #2,COAL,1000.0,295.0,1000.0,5444
Ship Coal 8 to Demand 2-1_PLTU JAWA-9 - SURALAYA #9,Source 8,2-1_PLTU JAWA-9 - SURALAYA #9,COAL,1000.0,389.0,1000.0,5444
Ship Coal 8 to Demand 2-1_PLTU LABUAN #2,Source 8,2-1_PLTU LABUAN #2,COAL,1000.0,195.0,1000.0,5444
Ship Coal 8 to Demand 2-1_PLTU LONTAR #1,Source 8,2-1_PLTU LONTAR #1,COAL,1000.0,315.0,1000.0,5444
Ship Coal 8 to Demand 2-1_PLTU LONTAR #2,Source 8,2-1_PLTU LONTAR #2,COAL,1000.0,344.0,1000.0,5444
Ship Coal 8 to Demand 2-1_PLTU SURALAYA #1,Source 8,2-1_PLTU SURALAYA #1,COAL,1000.0,134.0,1000.0,5444
Ship Coal 8 to Demand 2-1_PLTU SURALAYA #4,Source 8,2-1_PLTU SURALAYA #4,COAL,1000.0,341.0,1000.0,5444
Ship Coal 8 to Demand 2-1_PLTU SURALAYA #6,Source 8,2-1_PLTU SURALAYA #6,COAL,1000.0,173.0,1000.0,5444
Ship Coal 8 to Demand 2-1_PLTU SURALAYA #7,Source 8,2-1_PLTU SURALAYA #7,COAL,1000.0,55.0,1000.0,5444
Ship Coal 8 to Demand 2-1_PLTU SURALAYA #8,Source 8,2-1_PLTU SURALAYA #8,COAL,1000.0,246.0,1000.0,5444
Ship Coal 8 to Demand 2-2_PLTU CIREBON #1,Source 8,2-2_PLTU CIREBON #1,COAL,1000.0,321.0,1000.0,5444
Ship Coal 8 to Demand 2-2_PLTU INDRAMAYU #2,Source 8,2-2_PLTU INDRAMAYU #2,COAL,1000.0,360.0,1000.0,5444
Ship Coal 8 to Demand 2-2_PLTU PELABUHAN RATU #1,Source 8,2-2_PLTU PELABUHAN RATU #1,COAL,1000.0,384.0,1000.0,5444
Ship Coal 8 to Demand 2-2_PLTU PELABUHAN RATU #2,Source 8,2-2_PLTU PELABUHAN RATU #2,COAL,1000.0,102.0,1000.0,5444
Ship Coal 8 to Demand 2-2_PLTU PELABUHAN RATU #3,Source 8,2-2_PLTU PELABUHAN RATU #3,COAL,1000.0,131.0,1000.0,5444
Ship Coal 8 to Demand 2-3_PLTU ADIPALA,Source 8,2-3_PLTU ADIPALA,COAL,1000.0,263.0,1000.0,5444
Ship Coal 8 to Demand 2-3_PLTU CILACAP #2,Source 8,2-3_PLTU CILACAP #2,COAL,1000.0,60.0,1000.0,5444
Ship Coal 8 to Demand 2-3_PLTU CILACAP #3,Source 8,2-3_PLTU CILACAP #3,COAL,1000.0,203.0,1000.0,5444
Ship Coal 8 to Demand 2-3_PLTU JAWA-4 - TANJUNG JATI B #6,Source 8,2-3_PLTU JAWA-4 - TANJUNG JATI B #6,COAL,1000.0,180.0,1000.0,5444
Ship Coal 8 to Demand 2-3_PLTU JAWA-8 - CILACAP #4,Source 8,2-3_PLTU JAWA-8 - CILACAP #4,COAL,1000.0,496.0,1000.0,5444
Ship Coal 8 to Demand 2-3_PLTU REMBANG #1,Source 8,2-3_PLTU REMBANG #1,COAL,1000.0,404.0,1000.0,5444
Ship Coal 8 to Demand 2-3_PLTU REMBANG #2,Source 8,2-3_PLTU REMBANG #2,COAL,1000.0,326.0,1000.0,5444
Ship Coal 8 to Demand 2-3_PLTU TANJUNG JATI B #2,Source 8,2-3_PLTU TANJUNG JATI B #2,COAL,1000.0,468.0,1000.0,5444
Ship Coal 8 to Demand 2-3_PLTU TANJUNG JATI B #4,Source 8,2-3_PLTU TANJUNG JATI B #4,COAL,1000.0,428.0,1000.0,5444
Ship Coal 8 to Demand 2-4_PLTU PAITON #3 - PEC,Source 8,2-4_PLTU PAITON #3 - PEC,COAL,1000.0,97.0,1000.0,5444
Ship Coal 8 to Demand 2-4_PLTU PAITON #8 - PEC,Source 8,2-4_PLTU PAITON #8 - PEC,COAL,1000.0,471.0,1000.0,5444
Ship Coal 8 to Demand 2-4_PLTU PAITON #9,Source 8,2-4_PLTU PAITON #9,COAL,1000.0,371.0,1000.0,5444
Ship Coal 8 to Demand 2-4_PLTU TANJUNG AWAR #2,Source 8,2-4_PLTU TANJUNG AWAR #2,COAL,1000.0,133.0,1000.0,5444
Ship Coal 8 to Demand 2-5_PLTU CELUKAN BAWANG #2,Source 8,2-5_PLTU CELUKAN BAWANG #2,COAL,1000.0,75.0,1000.0,5444
Ship Coal 9 to Demand 2-1_PLTU BANTEN #1,Source 9,2-1_PLTU BANTEN #1,COAL,1000.0,185.0,1000.0,4310
Ship Coal 9 to Demand 2-1_PLTU JAWA-7 - BOJANEGARA #1,Source 9,2-1_PLTU JAWA-7 - BOJANEGARA #1,COAL,1000.0,260.0,1000.0,4310
Ship Coal 9 to Demand 2-1_PLTU JAWA-7 - BOJANEGARA #2,Source 9,2-1_PLTU JAWA-7 - BOJANEGARA #2,COAL,1000.0,499.0,1000.0,4310
Ship Coal 9 to Demand 2-1_PLTU JAWA-9 - SURALAYA #9,Source 9,2-1_PLTU JAWA-9 - SURALAYA #9,COAL,1000.0,487.0,1000.0,4310
Ship Coal 9 to Demand 2-1_PLTU LABUAN #1,Source 9,2-1_PLTU LABUAN #1,COAL,1000.0,248.0,1000.0,4310
Ship Coal 9 to Demand 2-1_PLTU LONTAR #2,Source 9,2-1_PLTU LONTAR #2,COAL,1000.0,188.0,1000.0,4310
Ship Coal 9 to Demand 2-1_PLTU LONTAR #3,Source 9,2-1_PLTU LONTAR #3,COAL,1000.0,140.0,1000.0,4310
Ship Coal 9 to Demand 2-1_PLTU SURALAYA #1,Source 9,2-1_PLTU SURALAYA #1,COAL,1000.0,384.0,1000.0,4310
Ship Coal 9 to Demand 2-1_PLTU SURALAYA #2,Source 9,2-1_PLTU SURALAYA #2,COAL,1000.0,224.0,1000.0,4310
Ship Coal 9 to Demand 2-1_PLTU SURALAYA #3,Source 9,2-1_PLTU SURALAYA #3,COAL,1000.0,417.0,1000.0,4310
Ship Coal 9 to Demand 2-1_PLTU SURALAYA #7,Source 9,2-1_PLTU SURALAYA #7,COAL,1000.0,65.0,1000.0,4310
Ship Coal 9 to Demand 2-1_PLTU SURALAYA #8,Source 9,2-1_PLTU SURALAYA #8,COAL,1000.0,375.0,1000.0,4310
Ship Coal 9 to Demand 2-2_PLTU INDRAMAYU #1,Source 9,2-2_PLTU INDRAMAYU #1,COAL,1000.0,494.0,1000.0,4310
Ship Coal 9 to Demand 2-2_PLTU INDRAMAYU #2,Source 9,2-2_PLTU INDRAMAYU #2,COAL,1000.0,212.0,1000.0,4310
Ship Coal 9 to Demand 2-2_PLTU INDRAMAYU #3,Source 9,2-2_PLTU INDRAMAYU #3,COAL,1000.0,479.0,1000.0,4310
Ship Coal 9 to Demand 2-2_PLTU JAWA-1 - CIREBON #2,Source 9,2-2_PLTU JAWA-1 - CIREBON #2,COAL,1000.0,473.0,1000.0,4310
Ship Coal 9 to Demand 2-2_PLTU PELABUHAN RATU #1,Source 9,2-2_PLTU PELABUHAN RATU #1,COAL,1000.0,366.0,1000.0,4310
Ship Coal 9 to Demand 2-2_PLTU PELABUHAN RATU #2,Source 9,2-2_PLTU PELABUHAN RATU #2,COAL,1000.0,286.0,1000.0,4310
Ship Coal 9 to Demand 2-2_PLTU PELABUHAN RATU #3,Source 9,2-2_PLTU PELABUHAN RATU #3,COAL,1000.0,243.0,1000.0,4310
Ship Coal 9 to Demand 2-3_PLTU CILACAP #1,Source 9,2-3_PLTU CILACAP #1,COAL,1000.0,119.0,1000.0,4310
Ship Coal 9 to Demand 2-3_PLTU CILACAP #3,Source 9,2-3_PLTU CILACAP #3,COAL,1000.0,70.0,1000.0,4310
Ship Coal 9 to Demand 2-3_PLTU JAWA TENGAH - BATANG #1,Source 9,2-3_PLTU JAWA TENGAH - BATANG #1,COAL,1000.0,297.0,1000.0,4310
Ship Coal 9 to Demand 2-3_PLTU JAWA TENGAH - BATANG #2,Source 9,2-3_PLTU JAWA TENGAH - BATANG #2,COAL,1000.0,476.0,1000.0,4310
Ship Coal 9 to Demand 2-3_PLTU JAWA-4 - TANJUNG JATI B #6,Source 9,2-3_PLTU JAWA-4 - TANJUNG JATI B #6,COAL,1000.0,313.0,1000.0,4310
Ship Coal 9 to Demand 2-3_PLTU REMBANG #1,Source 9,2-3_PLTU REMBANG #1,COAL,1000.0,156.0,1000.0,4310
Ship Coal 9 to Demand 2-3_PLTU TANJUNG JATI B #1,Source 9,2-3_PLTU TANJUNG JATI B #1,COAL,1000.0,251.0,1000.0,4310
Ship Coal 9 to Demand 2-3_PLTU TANJUNG JATI B #3,Source 9,2-3_PLTU TANJUNG JATI B #3,COAL,1000.0,238.0,1000.0,4310
Ship Coal 9 to Demand 2-4_PLTU PACITAN #1,Source 9,2-4_PLTU PACITAN #1,COAL,1000.0,75.0,1000.0,4310
Ship Coal 9 to Demand 2-4_PLTU PAITON #1 - PJB,Source 9,2-4_PLTU PAITON #1 - PJB,COAL,1000.0,361.0,1000.0,4310
Ship Coal 9 to Demand 2-4_PLTU PAITON #3 - PEC,Source 9,2-4_PLTU PAITON #3 - PEC,COAL,1000.0,362.0,1000.0,4310
Ship Coal 9 to Demand 2-4_PLTU PAITON #5 - JP,Source 9,2-4_PLTU PAITON #5 - JP,COAL,1000.0,495.0,1000.0,4310
Ship Coal 9 to Demand 2-4_PLTU PAITON #6 - JP,Source 9,2-4_PLTU PAITON #6 - JP,COAL,1000.0,203.0,1000.0,4310
Ship Coal 9 to Demand 2-4_PLTU PAITON #7 - PEC,Source 9,2-4_PLTU PAITON #7 - PEC,COAL,1000.0,129.0,1000.0,4310
Ship Coal 9 to Demand 2-4_PLTU PAITON #8 - PEC,Source 9,2-4_PLTU PAITON #8 - PEC,COAL,1000.0,371.0,1000.0,4310
Ship Coal 9 to Demand 2-4_PLTU PAITON #9,Source 9,2-4_PLTU PAITON #9,COAL,1000.0,464.0,1000.0,4310
Ship Coal 9 to Demand 2-5_PLTU CELUKAN BAWANG #2,Source 9,2-5_PLTU CELUKAN BAWANG #2,COAL,1000.0,53.0,1000.0,4310
Ship Coal 10 to Demand 2-1_PLTU JAWA-7 - BOJANEGARA #1,Source 10,2-1_PLTU JAWA-7 - BOJANEGARA #1,COAL,1000.0,168.0,1000.0,5577
Ship Coal 10 to Demand 2-1_PLTU JAWA-7 - BOJANEGARA #2,Source 10,2-1_PLTU JAWA-7 - BOJANEGARA #2,COAL,1000.0,117.0,1000.0,5577
Ship Coal 10 to Demand 2-1_PLTU JAWA-9 - SURALAYA #9,Source 10,2-1_PLTU JAWA-9 - SURALAYA #9,COAL,1000.0,312.0,1000.0,5577
Ship Coal 10 to Demand 2-1_PLTU LABUAN #1,Source 10,2-1_PLTU LABUAN #1,COAL,1000.0,446.0,1000.0,5577
Ship Coal 10 to Demand 2-1_PLTU LABUAN #2,Source 10,2-1_PLTU LABUAN #2,COAL,1000.0,376.0,1000.0,5577
Ship Coal 10 to Demand 2-1_PLTU LONTAR #1,Source 10,2-1_PLTU LONTAR #1,COAL,1000.0,265.0,1000.0,5577
Ship Coal 10 to Demand 2-1_PLTU LONTAR #2,Source 10,2-1_PLTU LONTAR #2,COAL,1000.0,420.0,1000.0,5577
Ship Coal 10 to Demand 2-1_PLTU LONTAR #4,Source 10,2-1_PLTU LONTAR #4,COAL,1000.0,224.0,1000.0,5577
Ship Coal 10 to Demand 2-1_PLTU SURALAYA #3,Source 10,2-1_PLTU SURALAYA #3,COAL,1000.0,62.0,1000.0,5577
Ship Coal 10 to Demand 2-1_PLTU SURALAYA #6,Source 10,2-1_PLTU SURALAYA #6,COAL,1000.0,233.0,1000.0,5577
Ship Coal 10 to Demand 2-1_PLTU SURALAYA #8,Source 10,2-1_PLTU SURALAYA #8,COAL,1000.0,99.0,1000.0,5577
Ship Coal 10 to Demand 2-2_PLTU INDRAMAYU #3,Source 10,2-2_PLTU INDRAMAYU #3,COAL,1000.0,482.0,1000.0,5577
Ship Coal 10 to Demand 2-2_PLTU PELABUHAN RATU #1,Source 10,2-2_PLTU PELABUHAN RATU #1,COAL,1000.0,128.0,1000.0,5577
Ship Coal 10 to Demand 2-2_PLTU PELABUHAN RATU #2,Source 10,2-2_PLTU PELABUHAN RATU #2,COAL,1000.0,207.0,1000.0,5577
Ship Coal 10 to Demand 2-3_PLTU CILACAP #1,Source 10,2-3_PLTU CILACAP #1,COAL,1000.0,497.0,1000.0,5577
Ship Coal 10 to Demand 2-3_PLTU CILACAP #2,Source 10,2-3_PLTU CILACAP #2,COAL,1000.0,169.0,1000.0,5577
Ship Coal 10 to Demand 2-3_PLTU JAWA TENGAH - BATANG #1,Source 10,2-3_PLTU JAWA TENGAH - BATANG #1,COAL,1000.0,330.0,1000.0,5577
Ship Coal 10 to Demand 2-3_PLTU JAWA TENGAH - BATANG #2,Source 10,2-3_PLTU JAWA TENGAH - BATANG #2,COAL,1000.0,79.0,1000.0,5577
Ship Coal 10 to Demand 2-3_PLTU JAWA-4 - TANJUNG JATI B #5,Source 10,2-3_PLTU JAWA-4 - TANJUNG JATI B #5,COAL,1000.0,103.0,1000.0,5577
Ship Coal 10 to Demand 2-3_PLTU JAWA-4 - TANJUNG JATI B #6,Source 10,2-3_PLTU JAWA-4 - TANJUNG JATI B #6,COAL,1000.0,440.0,1000.0,5577
Ship Coal 10 to Demand 2-3_PLTU JAWA-8 - CILACAP #4,Source 10,2-3_PLTU JAWA-8 - CILACAP #4,COAL,1000.0,311.0,1000.0,5577
Ship Coal 10 to Demand 2-3_PLTU REMBANG #2,Source 10,2-3_PLTU REMBANG #2,COAL,1000.0,53.0,1000.0,5577
Ship Coal 10 to Demand 2-4_PLTU PAITON #3 - PEC,Source 10,2-4_PLTU PAITON #3 - PEC,COAL,1000.0,79.0,1000.0,5577
Ship Coal 10 to Demand 2-4_PLTU PAITON #6 - JP,Source 10,2-4_PLTU PAITON #6 - JP,COAL,1000.0,122.0,1000.0,5577
Ship Coal 10 to Demand 2-4_PLTU PAITON #7 - PEC,Source 10,2-4_PLTU PAITON #7 - PEC,COAL,1000.0,138.0,1000.0,5577
Ship Coal 10 to Demand 2-4_PLTU PAITON #8 - PEC,Source 10,2-4_PLTU PAITON #8 - PEC,COAL,1000.0,135.0,1000.0,5577
Ship Coal 10 to Demand 2-4_PLTU TANJUNG AWAR #2,Source 10,2-4_PLTU TANJUNG AWAR #2,COAL,1000.0,388.0,1000.0,5577
Ship Coal 10 to Demand 2-5_PLTU CELUKAN BAWANG #1,Source 10,2-5_PLTU CELUKAN BAWANG #1,COAL,1000.0,283.0,1000.0,5577
Ship Coal 10 to Demand 2-5_PLTU CELUKAN BAWANG #3,Source 10,2-5_PLTU CELUKAN BAWANG #3,COAL,1000.0,312.0,1000.0,5577
Ship Coal 11 to Demand 2-1_PLTU BANTEN #1,Source 11,2-1_PLTU BANTEN #1,COAL,1000.0,106.0,1000.0,3662
Ship Coal 11 to Demand 2-1_PLTU JAWA-10 - SURALAYA #10,Source 11,2-1_PLTU JAWA-10 - SURALAYA #10,COAL,1000.0,74.0,1000.0,3662
Ship Coal 11 to Demand 2-1_PLTU JAWA-7 - BOJANEGARA #2,Source 11,2-1_PLTU JAWA-7 - BOJANEGARA #2,COAL,1000.0,281.0,1000.0,3662
Ship Coal 11 to Demand 2-1_PLTU LABUAN #1,Source 11,2-1_PLTU LABUAN #1,COAL,1000.0,411.0,1000.0,3662
Ship Coal 11 to Demand 2-1_PLTU LABUAN #2,Source 11,2-1_PLTU LABUAN #2,COAL,1000.0,107.0,1000.0,3662
Ship Coal 11 to Demand 2-1_PLTU LONTAR #1,Source 11,2-1_PLTU LONTAR #1,COAL,1000.0,397.0,1000.0,3662
Ship Coal 11 to Demand 2-1_PLTU LONTAR #3,Source 11,2-1_PLTU LONTAR #3,COAL,1000.0,141.0,1000.0,3662
Ship Coal 11 to Demand 2-1_PLTU LONTAR #4,Source 11,2-1_PLTU LONTAR #4,COAL,1000.0,490.0,1000.0,3662
Ship Coal 11 to Demand 2-1_PLTU SURALAYA #2,Source 11,2-1_PLTU SURALAYA #2,COAL,1000.0,240.0,1000.0,3662
Ship Coal 11 to Demand 2-1_PLTU SURALAYA #3,Source 11,2-1_PLTU SURALAYA #3,COAL,1000.0,436.0,1000.0,3662
Ship Coal 11 to Demand 2-1_PLTU SURALAYA #5,Source 11,2-1_PLTU SURALAYA #5,COAL,1000.0,434.0,1000.0,3662
Ship Coal 11 to Demand 2-1_PLTU SURALAYA #6,Source 11,2-1_PLTU SURALAYA #6,COAL,1000.0,428.0,1000.0,3662
Ship Coal 11 to Demand 2-1_PLTU SURALAYA #8,Source 11,2-1_PLTU SURALAYA #8,COAL,1000.0,291.0,1000.0,3662
Ship Coal 11 to Demand 2-2_PLTU CIREBON #1,Source 11,2-2_PLTU CIREBON #1,COAL,1000.0,168.0,1000.0,3662
Ship Coal 11 to Demand 2-2_PLTU INDRAMAYU #1,Source 11,2-2_PLTU INDRAMAYU #1,COAL,1000.0,379.0,1000.0,3662
Ship Coal 11 to Demand 2-2_PLTU INDRAMAYU #2,Source 11,2-2_PLTU INDRAMAYU #2,COAL,1000.0,427.0,1000.0,3662
Ship Coal 11 to Demand 2-2_PLTU PELABUHAN RATU #1,Source 11,2-2_PLTU PELABUHAN RATU #1,COAL,1000.0,77.0,1000.0,3662
Ship Coal 11 to Demand 2-3_PLTU ADIPALA,Source 11,2-3_PLTU ADIPALA,COAL,1000.0,293.0,1000.0,3662
Ship Coal 11 to Demand 2-3_PLTU CILACAP #3,Source 11,2-3_PLTU CILACAP #3,COAL,1000.0,330.0,1000.0,3662
Ship Coal 11 to Demand 2-3_PLTU JAWA-4 - TANJUNG JATI B #6,Source 11,2-3_PLTU JAWA-4 - TANJUNG JATI B #6,COAL,1000.0,153.0,1000.0,3662
Ship Coal 11 to Demand 2-3_PLTU JAWA-8 - CILACAP #4,Source 11,2-3_PLTU JAWA-8 - CILACAP #4,COAL,1000.0,157.0,1000.0,3662
Ship Coal 11 to Demand 2-3_PLTU TANJUNG JATI B #1,Source 11,2-3_PLTU TANJUNG JATI B #1,COAL,1000.0,316.0,1000.0,3662
Ship Coal 11 to Demand 2-3_PLTU TANJUNG JATI B #2,Source 11,2-3_PLTU TANJUNG JATI B #2,COAL,1000.0,262.0,1000.0,3662
Ship Coal 11 to Demand 2-3_PLTU TANJUNG JATI B #4,Source 11,2-3_PLTU TANJUNG JATI B #4,COAL,1000.0,409.0,1000.0,3662
Ship Coal 11 to Demand 2-4_PLTU PACITAN #1,Source 11,2-4_PLTU PACITAN #1,COAL,1000.0,191.0,1000.0,3662
Ship Coal 11 to Demand 2-4_PLTU PAITON #1 - PJB,Source 11,2-4_PLTU PAITON #1 - PJB,COAL,1000.0,235.0,1000.0,3662
Ship Coal 11 to Demand 2-4_PLTU PAITON #3 - PEC,Source 11,2-4_PLTU PAITON #3 - PEC,COAL,1000.0,350.0,1000.0,3662
Ship Coal 11 to Demand 2-4_PLTU PAITON #5 - JP,Source 11,2-4_PLTU PAITON #5 - JP,COAL,1000.0,355.0,1000.0,3662
Ship Coal 11 to Demand 2-4_PLTU PAITON #6 - JP,Source 11,2-4_PLTU PAITON #6 - JP,COAL,1000.0,222.0,1000.0,3662
Ship Coal 11 to Demand 2-4_PLTU TANJUNG AWAR #2,Source 11,2-4_PLTU TANJUNG AWAR #2,COAL,1000.0,183.0,1000.0,3662
Ship Coal 11 to Demand 2-5_PLTU CELUKAN BAWANG #3,Source 11,2-5_PLTU CELUKAN BAWANG #3,COAL,1000.0,352.0,1000.0,3662
Ship Coal 12 to Demand 2-1_PLTU JAWA-10 - SURALAYA #10,Source 12,2-1_PLTU JAWA-10 - SURALAYA #10,COAL,1000.0,118.0,1000.0,4132
Ship Coal 12 to Demand 2-1_PLTU JAWA-7 - BOJANEGARA #1,Source 12,2-1_PLTU JAWA-7 - BOJANEGARA #1,COAL,1000.0,163.0,1000.0,4132
Ship Coal 12 to Demand 2-1_PLTU JAWA-7 - BOJANEGARA #2,Source 12,2-1_PLTU JAWA-7 - BOJANEGARA #2,COAL,1000.0,447.0,1000.0,4132
Ship Coal 12 to Demand 2-1_PLTU LABUAN #1,Source 12,2-1_PLTU LABUAN #1,COAL,1000.0,402.0,1000.0,4132
Ship Coal 12 to Demand 2-1_PLTU LONTAR #2,Source 12,2-1_PLTU LONTAR #2,COAL,1000.0,199.0,1000.0,4132
Ship Coal 12 to Demand 2-1_PLTU LONTAR #3,Source 12,2-1_PLTU LONTAR #3,COAL,1000.0,494.0,1000.0,4132
Ship Coal 12 to Demand 2-1_PLTU LONTAR #4,Source 12,2-1_PLTU LONTAR #4,COAL,1000.0,387.0,1000.0,4132
Ship Coal 12 to Demand 2-1_PLTU SURALAYA #1,Source 12,2-1_PLTU SURALAYA #1,COAL,1000.0,473.0,1000.0,4132
Ship Coal 12 to Demand 2-1_PLTU SURALAYA #3,Source 12,2-1_PLTU SURALAYA #3,COAL,1000.0,200.0,1000.0,4132
Ship Coal 12 to Demand 2-1_PLTU SURALAYA #5,Source 12,2-1_PLTU SURALAYA #5,COAL,1000.0,107.0,1000.0,4132
Ship Coal 12 to Demand 2-1_PLTU SURALAYA #6,Source 12,2-1_PLTU SURALAYA #6,COAL,1000.0,58.0,1000.0,4132
Ship Coal 12 to Demand 2-1_PLTU SURALAYA #7,Source 12,2-1_PLTU SURALAYA #7,COAL,1000.0,347.0,1000.0,4132
Ship Coal 12 to Demand 2-1_PLTU SURALAYA #8,Source 12,2-1_PLTU SURALAYA #8,COAL,1000.0,487.0,1000.0,4132
Ship Coal 12 to Demand 2-2_PLTU INDRAMAYU #3,Source 12,2-2_PLTU INDRAMAYU #3,COAL,1000.0,224.0,1000.0,4132
Ship Coal 12 to Demand 2-2_PLTU PELABUHAN RATU #1,Source 12,2-2_PLTU PELABUHAN RATU #1,COAL,1000.0,277.0,1000.0,4132
Ship Coal 12 to Demand 2-3_PLTU CILACAP #1,Source 12,2-3_PLTU CILACAP #1,COAL,1000.0,152.0,1000.0,4132
Ship Coal 12 to Demand 2-3_PLTU CILACAP #2,Source 12,2-3_PLTU CILACAP #2,COAL,1000.0,428.0,1000.0,4132
Ship Coal 12 to Demand 2-3_PLTU JAWA TENGAH - BATANG #1,Source 12,2-3_PLTU JAWA TENGAH - BATANG #1,COAL,1000.0,339.0,1000.0,4132
Ship Coal 12 to Demand 2-3_PLTU JAWA-8 - CILACAP #4,Source 12,2-3_PLTU JAWA-8 - CILACAP #4,COAL,1000.0,287.0,1000.0,4132
Ship Coal 12 to Demand 2-3_PLTU REMBANG #1,Source 12,2-3_PLTU REMBANG #1,COAL,1000.0,432.0,1000.0,4132
Ship Coal 12 to Demand 2-3_PLTU REMBANG #2,Source 12,2-3_PLTU REMBANG #2,COAL,1000.0,194.0,1000.0,4132
Ship Coal 12 to Demand 2-3_PLTU TANJUNG JATI B #1,Source 12,2-3_PLTU TANJUNG JATI B #1,COAL,1000.0,286.0,1000.0,4132
Ship Coal 12 to Demand 2-3_PLTU TANJUNG JATI B #3,Source 12,2-3_PLTU TANJUNG JATI B #3,COAL,1000.0,305.0,1000.0,4132
Ship Coal 12 to Demand 2-3_PLTU TANJUNG JATI B #4,Source 12,2-3_PLTU TANJUNG JATI B #4,COAL,1000.0,189.0,1000.0,4132
Ship Coal 12 to Demand 2-4_PLTU PACITAN #1,Source 12,2-4_PLTU PACITAN #1,COAL,1000.0,262.0,1000.0,4132
Ship Coal 12 to Demand 2-4_PLTU PACITAN #2,Source 12,2-4_PLTU PACITAN #2,COAL,1000.0,320.0,1000.0,4132
Ship Coal 12 to Demand 2-4_PLTU PAITON #1 - PJB,Source 12,2-4_PLTU PAITON #1 - PJB,COAL,1000.0,336.0,1000.0,4132
Ship Coal 12 to Demand 2-4_PLTU PAITON #2 - PJB,Source 12,2-4_PLTU PAITON #2 - PJB,COAL,1000.0,290.0,1000.0,4132
Ship Coal 12 to Demand 2-4_PLTU PAITON #3 - PEC,Source 12,2-4_PLTU PAITON #3 - PEC,COAL,1000.0,324.0,1000.0,4132
Ship Coal 12 to Demand 2-4_PLTU PAITON #6 - JP,Source 12,2-4_PLTU PAITON #6 - JP,COAL,1000.0,369.0,1000.0,4132
Ship Coal 12 to Demand 2-4_PLTU PAITON #7 - PEC,Source 12,2-4_PLTU PAITON #7 - PEC,COAL,1000.0,407.0,1000.0,4132
Ship Coal 12 to Demand 2-4_PLTU PAITON #8 - PEC,Source 12,2-4_PLTU PAITON #8 - PEC,COAL,1000.0,115.0,1000.0,4132
Ship Coal 12 to Demand 2-4_PLTU PAITON #9,Source 12,2-4_PLTU PAITON #9,COAL,1000.0,411.0,1000.0,4132
Ship Coal 12 to Demand 2-4_PLTU TANJUNG AWAR #1,Source 12,2-4_PLTU TANJUNG AWAR #1,COAL,1000.0,94.0,1000.0,4132
Ship Coal 12 to Demand 2-4_PLTU TANJUNG AWAR #2,Source 12,2-4_PLTU TANJUNG AWAR #2,COAL,1000.0,418.0,1000.0,4132
Ship Coal 12 to Demand 2-5_PLTU CELUKAN BAWANG #1,Source 12,2-5_PLTU CELUKAN BAWANG #1,COAL,1000.0,230.0,1000.0,4132
Ship Coal 12 to Demand 2-5_PLTU CELUKAN BAWANG #3,Source 12,2-5_PLTU CELUKAN BAWANG #3,COAL,1000.0,497.0,1000.0,4132
Ship Coal 13 to Demand 2-1_PLTU BANTEN #1,Source 13,2-1_PLTU BANTEN #1,COAL,1000.0,253.0,1000.0,4770
Ship Coal 13 to Demand 2-1_PLTU JAWA-10 - SURALAYA #10,Source 13,2-1_PLTU JAWA-10 - SURALAYA #10,COAL,1000.0,281.0,1000.0,4770
Ship Coal 13 to Demand 2-1_PLTU JAWA-7 - BOJANEGARA #2,Source 13,2-1_PLTU JAWA-7 - BOJANEGARA #2,COAL,1000.0,163.0,1000.0,4770
Ship Coal 13 to Demand 2-1_PLTU LONTAR #1,Source 13,2-1_PLTU LONTAR #1,COAL,1000.0,434.0,1000.0,4770
Ship Coal 13 to Demand 2-1_PLTU LONTAR #2,Source 13,2-1_PLTU LONTAR #2,COAL,1000.0,399.0,1000.0,4770
Ship Coal 13 to Demand 2-1_PLTU LONTAR #4,Source 13,2-1_PLTU LONTAR #4,COAL,1000.0,394.0,1000.0,4770
Ship Coal 13 to Demand 2-1_PLTU SURALAYA #1,Source 13,2-1_PLTU SURALAYA #1,COAL,1000.0,210.0,1000.0,4770
Ship Coal 13 to Demand 2-1_PLTU SURALAYA #2,Source 13,2-1_PLTU SURALAYA #2,COAL,1000.0,216.0,1000.0,4770
Ship Coal 13 to Demand 2-1_PLTU SURALAYA #3,Source 13,2-1_PLTU SURALAYA #3,COAL,1000.0,289.0,1000.0,4770
Ship Coal 13 to Demand 2-1_PLTU SURALAYA #4,Source 13,2-1_PLTU SURALAYA #4,COAL,1000.0,84.0,1000.0,4770
Ship Coal 13 to Demand 2-1_PLTU SURALAYA #5,Source 13,2-1_PLTU SURALAYA #5,COAL,1000.0,167.0,1000.0,4770
Ship Coal 13 to Demand 2-1_PLTU SURALAYA #6,Source 13,2-1_PLTU SURALAYA #6,COAL,1000.0,136.0,1000.0,4770
Ship Coal 13 to Demand 2-1_PLTU SURALAYA #7,Source 13,2-1_PLTU SURALAYA #7,COAL,1000.0,365.0,1000.0,4770
Ship Coal 13 to Demand 2-1_PLTU SURALAYA #8,Source 13,2-1_PLTU SURALAYA #8,COAL,1000.0,129.0,1000.0,4770
Ship Coal 13 to Demand 2-2_PLTU INDRAMAYU #1,Source 13,2-2_PLTU INDRAMAYU #1,COAL,1000.0,96.0,1000.0,4770
Ship Coal 13 to Demand 2-2_PLTU PELABUHAN RATU #1,Source 13,2-2_PLTU PELABUHAN RATU #1,COAL,1000.0,380.0,1000.0,4770
Ship Coal 13 to Demand 2-3_PLTU ADIPALA,Source 13,2-3_PLTU ADIPALA,COAL,1000.0,360.0,1000.0,4770
Ship Coal 13 to Demand 2-3_PLTU CILACAP #2,Source 13,2-3_PLTU CILACAP #2,COAL,1000.0,99.0,1000.0,4770
Ship Coal 13 to Demand 2-3_PLTU CILACAP #3,Source 13,2-3_PLTU CILACAP #3,COAL,1000.0,449.0,1000.0,4770
Ship Coal 13 to Demand 2-3_PLTU JAWA TENGAH - BATANG #1,Source 13,2-3_PLTU JAWA TENGAH - BATANG #1,COAL,1000.0,377.0,1000.0,4770
Ship Coal 13 to Demand 2-3_PLTU JAWA-4 - TANJUNG JATI B #6,Source 13,2-3_PLTU JAWA-4 - TANJUNG JATI B #6,COAL,1000.0,320.0,1000.0,4770
Ship Coal 13 to Demand 2-3_PLTU TANJUNG JATI B #2,Source 13,2-3_PLTU TANJUNG JATI B #2,COAL,1000.0,109.0,1000.0,4770
Ship Coal 13 to Demand 2-4_PLTU PACITAN #1,Source 13,2-4_PLTU PACITAN #1,COAL,1000.0,425.0,1000.0,4770
Ship Coal 13 to Demand 2-4_PLTU PAITON #3 - PEC,Source 13,2-4_PLTU PAITON #3 - PEC,COAL,1000.0,343.0,1000.0,4770
Ship Coal 13 to Demand 2-4_PLTU PAITON #5 - JP,Source 13,2-4_PLTU PAITON #5 - JP,COAL,1000.0,188.0,1000.0,4770
Ship Coal 13 to Demand 2-4_PLTU PAITON #7 - PEC,Source 13,2-4_PLTU PAITON #7 - PEC,COAL,1000.0,272.0,1000.0,4770
Ship Coal 13 to Demand 2-4_PLTU PAITON #8 - PEC,Source 13,2-4_PLTU PAITON #8 - PEC,COAL,1000.0,64.0,1000.0,4770
Ship Coal 13 to Demand 2-5_PLTU CELUKAN BAWANG #2,Source 13,2-5_PLTU CELUKAN BAWANG #2,COAL,1000.0,314.0,1000.0,4770
Ship Coal 14 to Demand 2-1_PLTU BANTEN #1,Source 14,2-1_PLTU BANTEN #1,COAL,1000.0,187.0,1000.0,5849
Ship Coal 14 to Demand 2-1_PLTU JAWA-10 - SURALAYA #10,Source 14,2-1_PLTU JAWA-10 - SURALAYA #10,COAL,1000.0,150.0,1000.0,5849
Ship Coal 14 to Demand 2-1_PLTU JAWA-9 - SURALAYA #9,Source 14,2-1_PLTU JAWA-9 - SURALAYA #9,COAL,1000.0,128.0,1000.0,5849
Ship Coal 14 to Demand 2-1_PLTU LABUAN #1,Source 14,2-1_PLTU LABUAN #1,COAL,1000.0,268.0,1000.0,5849
Ship Coal 14 to Demand 2-1_PLTU LONTAR #2,Source 14,2-1_PLTU LONTAR #2,COAL,1000.0,194.0,1000.0,5849
Ship Coal 14 to Demand 2-1_PLTU LONTAR #3,Source 14,2-1_PLTU LONTAR #3,COAL,1000.0,478.0,1000.0,5849
Ship Coal 14 to Demand 2-1_PLTU LONTAR #4,Source 14,2-1_PLTU LONTAR #4,COAL,1000.0,168.0,1000.0,5849
Ship Coal 14 to Demand 2-1_PLTU SURALAYA #2,Source 14,2-1_PLTU SURALAYA #2,COAL,1000.0,398.0,1000.0,5849
Ship Coal 14 to Demand 2-1_PLTU SURALAYA #4,Source 14,2-1_PLTU SURALAYA #4,COAL,1000.0,101.0,1000.0,5849
Ship Coal 14 to Demand 2-2_PLTU INDRAMAYU #1,Source 14,2-2_PLTU INDRAMAYU #1,COAL,1000.0,305.0,1000.0,5849
Ship Coal 14 to Demand 2-2_PLTU INDRAMAYU #2,Source 14,2-2_PLTU INDRAMAYU #2,COAL,1000.0,237.0,1000.0,5849
Ship Coal 14 to Demand 2-2_PLTU INDRAMAYU #3,Source 14,2-2_PLTU INDRAMAYU #3,COAL,1000.0,333.0,1000.0,5849
Ship Coal 14 to Demand 2-2_PLTU PELABUHAN RATU #2,Source 14,2-2_PLTU PELABUHAN RATU #2,COAL,1000.0,170.0,1000.0,5849
Ship Coal 14 to Demand 2-3_PLTU CILACAP #2,Source 14,2-3_PLTU CILACAP #2,COAL,1000.0,414.0,1000.0,5849
Ship Coal 14 to Demand 2-3_PLTU CILACAP #3,Source 14,2-3_PLTU CILACAP #3,COAL,1000.0,308.0,1000.0,5849
Ship Coal 14 to Demand 2-3_PLTU JAWA TENGAH - BATANG #1,Source 14,2-3_PLTU JAWA TENGAH - BATANG #1,COAL,1000.0,406.0,1000.0,5849
Ship Coal 14 to Demand 2-3_PLTU JAWA-4 - TANJUNG JATI B #5,Source 14,2-3_PLTU JAWA-4 - TANJUNG JATI B #5,COAL,1000.0,302.0,1000.0,5849
Ship Coal 14 to Demand 2-3_PLTU JAWA-4 - TANJUNG JATI B #6,Source 14,2-3_PLTU JAWA-4 - TANJUNG JATI B #6,COAL,1000.0,184.0,1000.0,5849
Ship Coal 14 to Demand 2-3_PLTU JAWA-8 - CILACAP #4,Source 14,2-3_PLTU JAWA-8 - CILACAP #4,COAL,1000.0,239.0,1000.0,5849
Ship Coal 14 to Demand 2-3_PLTU TANJUNG JATI B #1,Source 14,2-3_PLTU TANJUNG JATI B #1,COAL,1000.0,143.0,1000.0,5849
Ship Coal 14 to Demand 2-3_PLTU TANJUNG JATI B #2,Source 14,2-3_PLTU TANJUNG JATI B #2,COAL,1000.0,337.0,1000.0,5849
Ship Coal 14 to Demand 2-3_PLTU TANJUNG JATI B #3,Source 14,2-3_PLTU TANJUNG JATI B #3,COAL,1000.0,185.0,1000.0,5849
Ship Coal 14 to Demand 2-4_PLTU PACITAN #2,Source 14,2-4_PLTU PACITAN #2,COAL,1000.0,427.0,1000.0,5849
Ship Coal 14 to Demand 2-4_PLTU PAITON #1 - PJB,Source 14,2-4_PLTU PAITON #1 - PJB,COAL,1000.0,404.0,1000.0,5849
Ship Coal 14 to Demand 2-4_PLTU PAITON #2 - PJB,Source 14,2-4_PLTU PAITON #2 - PJB,COAL,1000.0,376.0,1000.0,5849
Ship Coal 14 to Demand 2-4_PLTU PAITON #3 - PEC,Source 14,2-4_PLTU PAITON #3 - PEC,COAL,1000.0,127.0,1000.0,5849
Ship Coal 14 to Demand 2-4_PLTU PAITON #6 - JP,Source 14,2-4_PLTU PAITON #6 - JP,COAL,1000.0,421.0,1000.0,5849
Ship Coal 14 to Demand 2-4_PLTU TANJUNG AWAR #1,Source 14,2-4_PLTU TANJUNG AWAR #1,COAL,1000.0,265.0,1000.0,5849
Ship Coal 14 to Demand 2-4_PLTU TANJUNG AWAR #2,Source 14,2-4_PLTU TANJUNG AWAR #2,COAL,1000.0,74.0,1000.0,5849
Ship Coal 14 to Demand 2-5_PLTU CELUKAN BAWANG #1,Source 14,2-5_PLTU CELUKAN BAWANG #1,COAL,1000.0,152.0,1000.0,5849
Ship Coal 15 to Demand 2-1_PLTU BANTEN #1,Source 15,2-1_PLTU BANTEN #1,COAL,1000.0,390.0,1000.0,3524
Ship Coal 15 to Demand 2-1_PLTU JAWA-10 - SURALAYA #10,Source 15,2-1_PLTU JAWA-10 - SURALAYA #10,COAL,1000.0,465.0,1000.0,3524
Ship Coal 15 to Demand 2-1_PLTU JAWA-7 - BOJANEGARA #1,Source 15,2-1_PLTU JAWA-7 - BOJANEGARA #1,COAL,1000.0,172.0,1000.0,3524
Ship Coal 15 to Demand 2-1_PLTU JAWA-7 - BOJANEGARA #2,Source 15,2-1_PLTU JAWA-7 - BOJANEGARA #2,COAL,1000.0,69.0,1000.0,3524
Ship Coal 15 to Demand 2-1_PLTU LONTAR #2,Source 15,2-1_PLTU LONTAR #2,COAL,1000.0,115.0,1000.0,3524
Ship Coal 15 to Demand 2-1_PLTU LONTAR #3,Source 15,2-1_PLTU LONTAR #3,COAL,1000.0,354.0,1000.0,3524
Ship Coal 15 to Demand 2-1_PLTU LONTAR #4,Source 15,2-1_PLTU LONTAR #4,COAL,1000.0,476.0,1000.0,3524
Ship Coal 15 to Demand 2-1_PLTU SURALAYA #3,Source 15,2-1_PLTU SURALAYA #3,COAL,1000.0,75.0,1000.0,3524
Ship Coal 15 to Demand 2-1_PLTU SURALAYA #5,Source 15,2-1_PLTU SURALAYA #5,COAL,1000.0,399.0,1000.0,3524
Ship Coal 15 to Demand 2-1_PLTU SURALAYA #6,Source 15,2-1_PLTU SURALAYA #6,COAL,1000.0,386.0,1000.0,3524
Ship Coal 15 to Demand 2-1_PLTU SURALAYA #8,Source 15,2-1_PLTU SURALAYA #8,COAL,1000.0,237.0,1000.0,3524
Ship Coal 15 to Demand 2-2_PLTU INDRAMAYU #3,Source 15,2-2_PLTU INDRAMAYU #3,COAL,1000.0,280.0,1000.0,3524
Ship Coal 15 to Demand 2-2_PLTU PELABUHAN RATU #2,Source 15,2-2_PLTU PELABUHAN RATU #2,COAL,1000.0,330.0,1000.0,3524
Ship Coal 15 to Demand 2-2_PLTU PELABUHAN RATU #3,Source 15,2-2_PLTU PELABUHAN RATU #3,COAL,1000.0,190.0,1000.0,3524
Ship Coal 15 to Demand 2-3_PLTU ADIPALA,Source 15,2-3_PLTU ADIPALA,COAL,1000.0,343.0,1000.0,3524
Ship Coal 15 to Demand 2-3_PLTU CILACAP #1,Source 15,2-3_PLTU CILACAP #1,COAL,1000.0,403.0,1000.0,3524
Ship Coal 15 to Demand 2-3_PLTU CILACAP #3,Source 15,2-3_PLTU CILACAP #3,COAL,1000.0,458.0,1000.0,3524
Ship Coal 15 to Demand 2-3_PLTU JAWA TENGAH - BATANG #1,Source 15,2-3_PLTU JAWA TENGAH - BATANG #1,COAL,1000.0,237.0,1000.0,3524
Ship Coal 15 to Demand 2-3_PLTU JAWA TENGAH - BATANG #2,Source 15,2-3_PLTU JAWA TENGAH - BATANG #2,COAL,1000.0,396.0,1000.0,3524
Ship Coal 15 to Demand 2-3_PLTU TANJUNG JATI B #4,Source 15,2-3_PLTU TANJUNG JATI B #4,COAL,1000.0,182.0,1000.0,3524
Ship Coal 15 to Demand 2-4_PLTU PACITAN #1,Source 15,2-4_PLTU PACITAN #1,COAL,1000.0,196.0,1000.0,3524
Ship Coal 15 to Demand 2-4_PLTU PACITAN #2,Source 15,2-4_PLTU PACITAN #2,COAL,1000.0,219.0,1000.0,3524
Ship Coal 15 to Demand 2-4_PLTU PAITON #1 - PJB,Source 15,2-4_PLTU PAITON #1 - PJB,COAL,1000.0,129.0,1000.0,3524
Ship Coal 15 to Demand 2-4_PLTU PAITON #3 - PEC,Source 15,2-4_PLTU PAITON #3 - PEC,COAL,1000.0,89.0,1000.0,3524
Ship Coal 15 to Demand 2-4_PLTU PAITON #5 - JP,Source 15,2-4_PLTU PAITON #5 - JP,COAL,1000.0,93.0,1000.0,3524
Ship Coal 15 to Demand 2-4_PLTU PAITON #6 - JP,Source 15,2-4_PLTU PAITON #6 - JP,COAL,1000.0,495.0,1000.0,3524
Ship Coal 15 to Demand 2-4_PLTU PAITON #8 - PEC,Source 15,2-4_PLTU PAITON #8 - PEC,COAL,1000.0,288.0,1000.0,3524
Ship Coal 15 to Demand 2-5_PLTU CELUKAN BAWANG #1,Source 15,2-5_PLTU CELUKAN BAWANG #1,COAL,1000.0,485.0,1000.0,3524
Ship Coal 15 to Demand 2-5_PLTU CELUKAN BAWANG #3,Source 15,2-5_PLTU CELUKAN BAWANG #3,COAL,1000.0,292.0,1000.0,3524
Ship Coal 16 to Demand 2-1_PLTU JAWA-10 - SURALAYA #10,Source 16,2-1_PLTU JAWA-10 - SURALAYA #10,COAL,1000.0,319.0,1000.0,4212
Ship Coal 16 to Demand 2-1_PLTU JAWA-7 - BOJANEGARA #1,Source 16,2-1_PLTU JAWA-7 - BOJANEGARA #1,COAL,1000.0,378.0,1000.0,4212
Ship Coal 16 to Demand 2-1_PLTU JAWA-9 - SURALAYA #9,Source 16,2-1_PLTU JAWA-9 - SURALAYA #9,COAL,1000.0,65.0,1000.0,4212
Ship Coal 16 to Demand 2-1_PLTU LABUAN #1,Source 16,2-1_PLTU LABUAN #1,COAL,1000.0,335.0,1000.0,4212
Ship Coal 16 to Demand 2-1_PLTU LABUAN #2,Source 16,2-1_PLTU LABUAN #2,COAL,1000.0,55.0,1000.0,4212
Ship Coal 16 to Demand 2-1_PLTU LONTAR #1,Source 16,2-1_PLTU LONTAR #1,COAL,1000.0,149.0,1000.0,4212
Ship Coal 16 to Demand 2-1_PLTU LONTAR #4,Source 16,2-1_PLTU LONTAR #4,COAL,1000.0,396.0,1000.0,4212
Ship Coal 16 to Demand 2-1_PLTU SURALAYA #1,Source 16,2-1_PLTU SURALAYA #1,COAL,1000.0,247.0,1000.0,4212
Ship Coal 16 to Demand 2-1_PLTU SURALAYA #3,Source 16,2-1_PLTU SURALAYA #3,COAL,1000.0,303.0,1000.0,4212
Ship Coal 16 to Demand 2-1_PLTU SURALAYA #4,Source 16,2-1_PLTU SURALAYA #4,COAL,1000.0,66.0,1000.0,4212
Ship Coal 16 to Demand 2-1_PLTU SURALAYA #5,Source 16,2-1_PLTU SURALAYA #5,COAL,1000.0,394.0,1000.0,4212
Ship Coal 16 to Demand 2-1_PLTU SURALAYA #6,Source 16,2-1_PLTU SURALAYA #6,COAL,1000.0,150.0,1000.0,4212
Ship Coal 16 to Demand 2-2_PLTU INDRAMAYU #1,Source 16,2-2_PLTU INDRAMAYU #1,COAL,1000.0,338.0,1000.0,4212
Ship Coal 16 to Demand 2-2_PLTU INDRAMAYU #2,Source 16,2-2_PLTU INDRAMAYU #2,COAL,1000.0,413.0,1000.0,4212
Ship Coal 16 to Demand 2-2_PLTU JAWA-1 - CIREBON #2,Source 16,2-2_PLTU JAWA-1 - CIREBON #2,COAL,1000.0,58.0,1000.0,4212
Ship Coal 16 to Demand 2-2_PLTU PELABUHAN RATU #1,Source 16,2-2_PLTU PELABUHAN RATU #1,COAL,1000.0,192.0,1000.0,4212
Ship Coal 16 to Demand 2-2_PLTU PELABUHAN RATU #2,Source 16,2-2_PLTU PELABUHAN RATU #2,COAL,1000.0,485.0,1000.0,4212
Ship Coal 16 to Demand 2-2_PLTU PELABUHAN RATU #3,Source 16,2-2_PLTU PELABUHAN RATU #3,COAL,1000.0,393.0,1000.0,4212
Ship Coal 16 to Demand 2-3_PLTU ADIPALA,Source 16,2-3_PLTU ADIPALA,COAL,1000.0,475.0,1000.0,4212
Ship Coal 16 to Demand 2-3_PLTU CILACAP #2,Source 16,2-3_PLTU CILACAP #2,COAL,1000.0,109.0,1000.0,4212
Ship Coal 16 to Demand 2-3_PLTU JAWA-4 - TANJUNG JATI B #6,Source 16,2-3_PLTU JAWA-4 - TANJUNG JATI B #6,COAL,1000.0,341.0,1000.0,4212
Ship Coal 16 to Demand 2-3_PLTU JAWA-8 - CILACAP #4,Source 16,2-3_PLTU JAWA-8 - CILACAP #4,COAL,1000.0,62.0,1000.0,4212
Ship Coal 16 to Demand 2-3_PLTU REMBANG #1,Source 16,2-3_PLTU REMBANG #1,COAL,1000.0,106.0,1000.0,4212
Ship Coal 16 to Demand 2-3_PLTU REMBANG #2,Source 16,2-3_PLTU REMBANG #2,COAL,1000.0,478.0,1000.0,4212
Ship Coal 16 to Demand 2-3_PLTU TANJUNG JATI B #2,Source 16,2-3_PLTU TANJUNG JATI B #2,COAL,1000.0,385.0,1000.0,4212
Ship Coal 16 to Demand 2-3_PLTU TANJUNG JATI B #3,Source 16,2-3_PLTU TANJUNG JATI B #3,COAL,1000.0,153.0,1000.0,4212
Ship Coal 16 to Demand 2-4_PLTU PAITON #1 - PJB,Source 16,2-4_PLTU PAITON #1 - PJB,COAL,1000.0,414.0,1000.0,4212
Ship Coal 16 to Demand 2-4_PLTU PAITON #2 - PJB,Source 16,2-4_PLTU PAITON #2 - PJB,COAL,1000.0,80.0,1000.0,4212
Ship Coal 16 to Demand 2-5_PLTU CELUKAN BAWANG #1,Source 16,2-5_PLTU CELUKAN BAWANG #1,COAL,1000.0,111.0,1000.0,4212
Ship Coal 16 to Demand 2-5_PLTU CELUKAN BAWANG #3,Source 16,2-5_PLTU CELUKAN BAWANG #3,COAL,1000.0,64.0,1000.0,4212
Ship Coal 17 to Demand 2-1_PLTU BANTEN #1,Source 17,2-1_PLTU BANTEN #1,COAL,1000.0,431.0,1000.0,3827
Ship Coal 17 to Demand 2-1_PLTU JAWA-10 - SURALAYA #10,Source 17,2-1_PLTU JAWA-10 - SURALAYA #10,COAL,1000.0,108.0,1000.0,3827
Ship Coal 17 to Demand 2-1_PLTU JAWA-7 - BOJANEGARA #1,Source 17,2-1_PLTU JAWA-7 - BOJANEGARA #1,COAL,1000.0,484.0,1000.0,3827
Ship Coal 17 to Demand 2-1_PLTU LABUAN #2,Source 17,2-1_PLTU LABUAN #2,COAL,1000.0,66.0,1000.0,3827
Ship Coal 17 to Demand 2-1_PLTU LONTAR #1,Source 17,2-1_PLTU LONTAR #1,COAL,1000.0,404.0,1000.0,3827
Ship Coal 17 to Demand 2-1_PLTU LONTAR #3,Source 17,2-1_PLTU LONTAR #3,COAL,1000.0,144.0,1000.0,3827
Ship Coal 17 to Demand 2-1_PLTU SURALAYA #2,Source 17,2-1_PLTU SURALAYA #2,COAL,1000.0,330.0,1000.0,3827
Ship Coal 17 to Demand 2-1_PLTU SURALAYA #3,Source 17,2-1_PLTU SURALAYA #3,COAL,1000.0,332.0,1000.0,3827
Ship Coal 17 to Demand 2-1_PLTU SURALAYA #7,Source 17,2-1_PLTU SURALAYA #7,COAL,1000.0,260.0,1000.0,3827
Ship Coal 17 to Demand 2-1_PLTU SURALAYA #8,Source 17,2-1_PLTU SURALAYA #8,COAL,1000.0,264.0,1000.0,3827
Ship Coal 17 to Demand 2-2_PLTU CIREBON #1,Source 17,2-2_PLTU CIREBON #1,COAL,1000.0,414.0,1000.0,3827
Ship Coal 17 to Demand 2-2_PLTU INDRAMAYU #1,Source 17,2-2_PLTU INDRAMAYU #1,COAL,1000.0,445.0,1000.0,3827
Ship Coal 17 to Demand 2-2_PLTU INDRAMAYU #3,Source 17,2-2_PLTU INDRAMAYU #3,COAL,1000.0,270.0,1000.0,3827
Ship Coal 17 to Demand 2-2_PLTU PELABUHAN RATU #1,Source 17,2-2_PLTU PELABUHAN RATU #1,COAL,1000.0,211.0,1000.0,3827
Ship Coal 17 to Demand 2-2_PLTU PELABUHAN RATU #2,Source 17,2-2_PLTU PELABUHAN RATU #2,COAL,1000.0,416.0,1000.0,3827
Ship Coal 17 to Demand 2-3_PLTU ADIPALA,Source 17,2-3_PLTU ADIPALA,COAL,1000.0,309.0,1000.0,3827
Ship Coal 17 to Demand 2-3_PLTU CILACAP #2,Source 17,2-3_PLTU CILACAP #2,COAL,1000.0,329.0,1000.0,3827
Ship Coal 17 to Demand 2-3_PLTU CILACAP #3,Source 17,2-3_PLTU CILACAP #3,COAL,1000.0,441.0,1000.0,3827
Ship Coal 17 to Demand 2-3_PLTU JAWA TENGAH - BATANG #1,Source 17,2-3_PLTU JAWA TENGAH - BATANG #1,COAL,1000.0,339.0,1000.0,3827
Ship Coal 17 to Demand 2-3_PLTU JAWA-4 - TANJUNG JATI B #6,Source 17,2-3_PLTU JAWA-4 - TANJUNG JATI B #6,COAL,1000.0,116.0,1000.0,3827
Ship Coal 17 to Demand 2-3_PLTU JAWA-8 - CILACAP #4,Source 17,2-3_PLTU JAWA-8 - CILACAP #4,COAL,1000.0,333.0,1000.0,3827
Ship Coal 17 to Demand 2-3_PLTU REMBANG #1,Source 17,2-3_PLTU REMBANG #1,COAL,1000.0,298.0,1000.0,3827
Ship Coal 17 to Demand 2-3_PLTU REMBANG #2,Source 17,2-3_PLTU REMBANG #2,COAL,1000.0,357.0,1000.0,3827
Ship Coal 17 to Demand 2-3_PLTU TANJUNG JATI B #1,Source 17,2-3_PLTU TANJUNG JATI B #1,COAL,1000.0,465.0,1000.0,3827
Ship Coal 17 to Demand 2-3_PLTU TANJUNG JATI B #3,Source 17,2-3_PLTU TANJUNG JATI B #3,COAL,1000.0,164.0,1000.0,3827
Ship Coal 17 to Demand 2-3_PLTU TANJUNG JATI B #4,Source 17,2-3_PLTU TANJUNG JATI B #4,COAL,1000.0,375.0,1000.0,3827
Ship Coal 17 to Demand 2-4_PLTU PACITAN #2,Source 17,2-4_PLTU PACITAN #2,COAL,1000.0,205.0,1000.0,3827
Ship Coal 17 to Demand 2-4_PLTU PAITON #2 - PJB,Source 17,2-4_PLTU PAITON #2 - PJB,COAL,1000.0,315.0,1000.0,3827
Ship Coal 17 to Demand 2-4_PLTU PAITON #3 - PEC,Source 17,2-4_PLTU PAITON #3 - PEC,COAL,1000.0,390.0,1000.0,3827
Ship Coal 17 to Demand 2-4_PLTU PAITON #9,Source 17,2-4_PLTU PAITON #9,COAL,1000.0,245.0,1000.0,3827
Ship Coal 17 to Demand 2-4_PLTU TANJUNG AWAR #2,Source 17,2-4_PLTU TANJUNG AWAR #2,COAL,1000.0,147.0,1000.0,3827
Ship Coal 17 to Demand 2-5_PLTU CELUKAN BAWANG #1,Source 17,2-5_PLTU CELUKAN BAWANG #1,COAL,1000.0,455.0,1000.0,3827
Ship Coal 17 to Demand 2-5_PLTU CELUKAN BAWANG #2,Source 17,2-5_PLTU CELUKAN BAWANG #2,COAL,1000.0,458.0,1000.0,3827
Ship Coal 17 to Demand 2-5_PLTU CELUKAN BAWANG #3,Source 17,2-5_PLTU CELUKAN BAWANG #3,COAL,1000.0,410.0,1000.0,3827
Ship Coal 18 to Demand 2-1_PLTU BANTEN #1,Source 18,2-1_PLTU BANTEN #1,COAL,1000.0,243.0,1000.0,4876
Ship Coal 18 to Demand 2-1_PLTU JAWA-7 - BOJANEGARA #1,Source 18,2-1_PLTU JAWA-7 - BOJANEGARA #1,COAL,1000.0,469.0,1000.0,4876
Ship Coal 18 to Demand 2-1_PLTU LABUAN #1,Source 18,2-1_PLTU LABUAN #1,COAL,1000.0,127.0,1000.0,4876
Ship Coal 18 to Demand 2-1_PLTU LABUAN #2,Source 18,2-1_PLTU LABUAN #2,COAL,1000.0,249.0,1000.0,4876
Ship Coal 18 to Demand 2-1_PLTU LONTAR #1,Source 18,2-1_PLTU LONTAR #1,COAL,1000.0,385.0,1000.0,4876
Ship Coal 18 to Demand 2-1_PLTU LONTAR #3,Source 18,2-1_PLTU LONTAR #3,COAL,1000.0,379.0,1000.0,4876
Ship Coal 18 to Demand 2-1_PLTU SURALAYA #2,Source 18,2-1_PLTU SURALAYA #2,COAL,1000.0,353.0,1000.0,4876
Ship Coal 18 to Demand 2-1_PLTU SURALAYA #4,Source 18,2-1_PLTU SURALAYA #4,COAL,1000.0,430.0,1000.0,4876
Ship Coal 18 to Demand 2-1_PLTU SURALAYA #5,Source 18,2-1_PLTU SURALAYA #5,COAL,1000.0,119.0,1000.0,4876
Ship Coal 18 to Demand 2-2_PLTU INDRAMAYU #2,Source 18,2-2_PLTU INDRAMAYU #2,COAL,1000.0,145.0,1000.0,4876
Ship Coal 18 to Demand 2-3_PLTU CILACAP #1,Source 18,2-3_PLTU CILACAP #1,COAL,1000.0,107.0,1000.0,4876
Ship Coal 18 to Demand 2-3_PLTU CILACAP #2,Source 18,2-3_PLTU CILACAP #2,COAL,1000.0,453.0,1000.0,4876
Ship Coal 18 to Demand 2-3_PLTU CILACAP #3,Source 18,2-3_PLTU CILACAP #3,COAL,1000.0,205.0,1000.0,4876
Ship Coal 18 to Demand 2-3_PLTU JAWA TENGAH - BATANG #2,Source 18,2-3_PLTU JAWA TENGAH - BATANG #2,COAL,1000.0,219.0,1000.0,4876
Ship Coal 18 to Demand 2-3_PLTU JAWA-4 - TANJUNG JATI B #5,Source 18,2-3_PLTU JAWA-4 - TANJUNG JATI B #5,COAL,1000.0,221.0,1000.0,4876
Ship Coal 18 to Demand 2-3_PLTU JAWA-8 - CILACAP #4,Source 18,2-3_PLTU JAWA-8 - CILACAP #4,COAL,1000.0,115.0,1000.0,4876
Ship Coal 18 to Demand 2-3_PLTU TANJUNG JATI B #1,Source 18,2-3_PLTU TANJUNG JATI B #1,COAL,1000.0,403.0,1000.0,4876
Ship Coal 18 to Demand 2-3_PLTU TANJUNG JATI B #3,Source 18,2-3_PLTU TANJUNG JATI B #3,COAL,1000.0,81.0,1000.0,4876
Ship Coal 18 to Demand 2-3_PLTU TANJUNG JATI B #4,Source 18,2-3_PLTU TANJUNG JATI B #4,COAL,1000.0,339.0,1000.0,4876
Ship Coal 18 to Demand 2-4_PLTU PAITON #2 - PJB,Source 18,2-4_PLTU PAITON #2 - PJB,COAL,1000.0,159.0,1000.0,4876
Ship Coal 18 to Demand 2-4_PLTU PAITON #3 - PEC,Source 18,2-4_PLTU PAITON #3 - PEC,COAL,1000.0,93.0,1000.0,4876
Ship Coal 18 to Demand 2-4_PLTU PAITON #5 - JP,Source 18,2-4_PLTU PAITON #5 - JP,COAL,1000.0,85.0,1000.0,4876
Ship Coal 18 to Demand 2-4_PLTU PAITON #6 - JP,Source 18,2-4_PLTU PAITON #6 - JP,COAL,1000.0,167.0,1000.0,4876
Ship Coal 18 to Demand 2-4_PLTU PAITON #8 - PEC,Source 18,2-4_PLTU PAITON #8 - PEC,COAL,1000.0,144.0,1000.0,4876
Ship Coal 18 to Demand 2-4_PLTU PAITON #9,Source 18,2-4_PLTU PAITON #9,COAL,1000.0,453.0,1000.0,4876
Ship Coal 18 to Demand 2-4_PLTU TANJUNG AWAR #1,Source 18,2-4_PLTU TANJUNG AWAR #1,COAL,1000.0,173.0,1000.0,4876
Ship Coal 18 to Demand 2-4_PLTU TANJUNG AWAR #2,Source 18,2-4_PLTU TANJUNG AWAR #2,COAL,1000.0,80.0,1000.0,4876
Ship Coal 18 to Demand 2-5_PLTU CELUKAN BAWANG #1,Source 18,2-5_PLTU CELUKAN BAWANG #1,COAL,1000.0,116.0,1000.0,4876
Ship Coal 18 to Demand 2-5_PLTU CELUKAN BAWANG #2,Source 18,2-5_PLTU CELUKAN BAWANG #2,COAL,1000.0,204.0,1000.0,4876
Ship Coal 18 to Demand 2-5_PLTU CELUKAN BAWANG #3,Source 18,2-5_PLTU CELUKAN BAWANG #3,COAL,1000.0,317.0,1000.0,4876
Ship Coal 19 to Demand 2-1_PLTU BANTEN #1,Source 19,2-1_PLTU BANTEN #1,COAL,1000.0,498.0,1000.0,4166
Ship Coal 19 to Demand 2-1_PLTU JAWA-7 - BOJANEGARA #2,Source 19,2-1_PLTU JAWA-7 - BOJANEGARA #2,COAL,1000.0,492.0,1000.0,4166
Ship Coal 19 to Demand 2-1_PLTU LONTAR #1,Source 19,2-1_PLTU LONTAR #1,COAL,1000.0,264.0,1000.0,4166
Ship Coal 19 to Demand 2-1_PLTU LONTAR #2,Source 19,2-1_PLTU LONTAR #2,COAL,1000.0,68.0,1000.0,4166
Ship Coal 19 to Demand 2-1_PLTU LONTAR #4,Source 19,2-1_PLTU LONTAR #4,COAL,1000.0,201.0,1000.0,4166
Ship Coal 19 to Demand 2-1_PLTU SURALAYA #1,Source 19,2-1_PLTU SURALAYA #1,COAL,1000.0,360.0,1000.0,4166
Ship Coal 19 to Demand 2-1_PLTU SURALAYA #3,Source 19,2-1_PLTU SURALAYA #3,COAL,1000.0,107.0,1000.0,4166
Ship Coal 19 to Demand 2-1_PLTU SURALAYA #4,Source 19,2-1_PLTU SURALAYA #4,COAL,1000.0,425.0,1000.0,4166
Ship Coal 19 to Demand 2-1_PLTU SURALAYA #5,Source 19,2-1_PLTU SURALAYA #5,COAL,1000.0,375.0,1000.0,4166
Ship Coal 19 to Demand 2-2_PLTU INDRAMAYU #1,Source 19,2-2_PLTU INDRAMAYU #1,COAL,1000.0,494.0,1000.0,4166
Ship Coal 19 to Demand 2-2_PLTU PELABUHAN RATU #1,Source 19,2-2_PLTU PELABUHAN RATU #1,COAL,1000.0,276.0,1000.0,4166
Ship Coal 19 to Demand 2-2_PLTU PELABUHAN RATU #2,Source 19,2-2_PLTU PELABUHAN RATU #2,COAL,1000.0,313.0,1000.0,4166
Ship Coal 19 to Demand 2-2_PLTU PELABUHAN RATU #3,Source 19,2-2_PLTU PELABUHAN RATU #3,COAL,1000.0,141.0,1000.0,4166
Ship Coal 19 to Demand 2-3_PLTU CILACAP #1,Source 19,2-3_PLTU CILACAP #1,COAL,1000.0,350.0,1000.0,4166
Ship Coal 19 to Demand 2-3_PLTU CILACAP #2,Source 19,2-3_PLTU CILACAP #2,COAL,1000.0,122.0,1000.0,4166
Ship Coal 19 to Demand 2-3_PLTU JAWA TENGAH - BATANG #1,Source 19,2-3_PLTU JAWA TENGAH - BATANG #1,COAL,1000.0,89.0,1000.0,4166
Ship Coal 19 to Demand 2-3_PLTU JAWA TENGAH - BATANG #2,Source 19,2-3_PLTU JAWA TENGAH - BATANG #2,COAL,1000.0,232.0,1000.0,4166
Ship Coal 19 to Demand 2-3_PLTU REMBANG #1,Source 19,2-3_PLTU REMBANG #1,COAL,1000.0,312.0,1000.0,4166
Ship Coal 19 to Demand 2-3_PLTU TANJUNG JATI B #1,Source 19,2-3_PLTU TANJUNG JATI B #1,COAL,1000.0,222.0,1000.0,4166
Ship Coal 19 to Demand 2-3_PLTU TANJUNG JATI B #3,Source 19,2-3_PLTU TANJUNG JATI B #3,COAL,1000.0,198.0,1000.0,4166
Ship Coal 19 to Demand 2-4_PLTU PACITAN #1,Source 19,2-4_PLTU PACITAN #1,COAL,1000.0,199.0,1000.0,4166
Ship Coal 19 to Demand 2-4_PLTU PACITAN #2,Source 19,2-4_PLTU PACITAN #2,COAL,1000.0,160.0,1000.0,4166
Ship Coal 19 to Demand 2-4_PLTU PAITON #2 - PJB,Source 19,2-4_PLTU PAITON #2 - PJB,COAL,1000.0,365.0,1000.0,4166
Ship Coal 19 to Demand 2-4_PLTU PAITON #5 - JP,Source 19,2-4_PLTU PAITON #5 - JP,COAL,1000.0,52.0,1000.0,4166
Ship Coal 19 to Demand 2-4_PLTU PAITON #6 - JP,Source 19,2-4_PLTU PAITON #6 - JP,COAL,1000.0,160.0,1000.0,4166
Ship Coal 19 to Demand 2-4_PLTU PAITON #8 - PEC,Source 19,2-4_PLTU PAITON #8 - PEC,COAL,1000.0,285.0,1000.0,4166
Ship Coal 19 to Demand 2-4_PLTU PAITON #9,Source 19,2-4_PLTU PAITON #9,COAL,1000.0,295.0,1000.0,4166
Ship Coal 19 to Demand 2-4_PLTU TANJUNG AWAR #1,Source 19,2-4_PLTU TANJUNG AWAR #1,COAL,1000.0,208.0,1000.0,4166
Ship Coal 19 to Demand 2-4_PLTU TANJUNG AWAR #2,Source 19,2-4_PLTU TANJUNG AWAR #2,COAL,1000.0,464.0,1000.0,4166
Ship Coal 19 to Demand 2-5_PLTU CELUKAN BAWANG #2,Source 19,2-5_PLTU CELUKAN BAWANG #2,COAL,1000.0,57.0,1000.0,4166
